0
1
101821
243794
265338
749811
784816
991498
1122400
1208640
1249064
1557070
1557772
2125631
2377659
2423495
2771689
3350913
3479499
3629184
4194303
4194304
4278887
4376468
4513261
4803331
4955839
5069853
5419590
5611582
5627580
5972602
6146873
6260767
6388426
6459061
6471505
6648468
6870601
7056178
7395112
7397311
7462987
7490040
7544216
8023362
8235526
8388606
8388607
8388608
8388609
8676768
9291743
9321549
9430223
10145361
10268888
10376131
10724587
10772321
11031750
11114131
11254294
11657921
12248280
12582911
12582912
12676544
12988095
13163553
13342258
13358130
13390326
13969850
13978096
13983643
14232345
14893818
15116456
15343742
15909848
16057665
16431459
16590023
16613905
16777214
16777215
16777216
16777217
16860623
17012622
17123641
17254630
17334645
17509163
17529481
17852319
17870475
18158174
18680492
18748773
18902255
19143401
19244716
19277174
19514172
20757637
20971519
20971520
21249773
21430241
21840173
21920609
21939077
22318993
22330022
22408340
22415611
23216351
23344513
23759207
23848093
24112282
24218487
24276799
24468163
24565754
24790521
24925936
25165822
25165823
25165824
25165825
25490974
25725423
25806035
26408630
26585988
26646691
26723732
26978807
27161199
27338033
27932918
28172752
29050725
29173730
29255714
29324519
29360127
29360128
29564080
29639540
29668475
29766241
29779146
29997841
30116759
30740452
31141020
31299267
31352342
32332170
32682071
33463099
33485975
33554430
33554431
33554432
33554433
33633736
34292489
34336618
34447217
34891370
35625803
35753735
36007588
36498970
36541652
36767583
37363738
37416704
37483568
37748735
37748736
37992031
38135651
38311798
38490279
38660993
38797381
39728167
39859429
39951516
40287553
40322645
40355155
40377659
40705807
40716183
40830466
41498079
41725448
41943038
41943039
41943040
41943041
41993539
42304412
42385404
42559025
42605584
42962630
43071770
43221578
43377032
43399701
43720767
43726805
43726928
43778846
44194165
44352826
44472356
44595905
44621708
44709433
44739560
44801634
44814872
45145818
45569977
45842384
45979300
46050788
46090172
46137343
46137344
46177105
46580065
46858351
46869987
47089886
47331246
47956297
48121127
48226802
48311508
48930838
49154517
49295599
49784079
50174256
50275273
50331646
50331647
50331648
50331649
50469574
50728196
50764036
51011116
51017423
51368467
51728813
51865277
52014678
52390785
52576969
52799097
52908884
52920134
53644722
53758718
53824045
53997647
54525951
54525952
54704057
54756644
55118706
55459076
55664407
55695349
55712813
55889970
56255388
56386051
56674528
56720817
57002858
57266330
57717624
57772378
58401417
58405540
58720254
58720255
58720256
58720257
59221708
59290691
59779935
59846799
60036117
60408790
61020875
61053439
61074114
61128057
61346002
61349131
61472934
61530682
61726416
62418888
62539378
62583266
62781097
62795347
62803278
62914559
62914560
63244156
63273201
63304996
63712229
63898524
64034040
64466177
64506849
65046273
65130167
65206168
65289407
65344910
65446093
65655609
66227483
66250127
66257870
66672946
66757404
67099792
67108862
67108863
67108864
67108865
67123713
67147403
67427266
67793063
68133598
68159326
68205296
68298737
68567084
68764759
68953294
69004434
69255705
69624145
69790866
69836999
70073011
70196691
70220261
70594067
70922581
71138928
71282299
71303167
71303168
71388790
71513498
71659956
71887103
72022868
72181693
72396979
72605646
72759906
73195530
73315172
73624593
73726732
74171032
74318858
74327566
74742386
74855229
74923427
75194262
75497470
75497471
75497472
75497473
75848360
76052512
76233389
76361386
76951899
77205899
77256159
77263652
77318896
77768670
77880443
78012883
78638984
79125290
79130318
79173077
79468831
79691775
79691776
79818503
80059574
80906349
81172829
81335168
81584080
82240924
82435042
82527896
82559086
82615871
83423477
83690235
83886078
83886079
83886080
83886081
83959961
84050547
84306891
84334138
84373496
84478281
84926124
84993979
85384671
85409655
85559763
85727267
85892477
86076251
87161151
87269301
87558291
88080383
88080384
88223257
88280000
88303084
88572580
88677196
88835310
89000618
89006834
89050894
89226015
89241385
89288493
89543399
89678040
89927125
89930656
90499426
90619183
90724947
90727788
91173355
91461384
92034327
92036901
92274686
92274687
92274688
92274689
92438685
92493640
92582188
92668674
93285276
93308693
93338831
93399884
93592587
93755439
93937121
93969722
93990454
94069802
94286628
94290799
94311770
94332940
94491766
94602339
94626802
94628966
95136722
95167539
95258104
95314496
95368648
95381646
95785352
95956014
96006116
96379219
96468991
96468992
96712264
96991031
97071564
97165048
97561206
97566096
97669237
97726613
97726724
97771847
97838791
98012587
98068417
98118920
98130316
98179999
98720318
98860743
99189560
99210401
99539110
99588277
99588533
100084157
100104392
100134774
100375766
100545877
100584651
100660911
100663294
100663295
100663296
100663297
101403319
101564769
101765241
101891874
102056878
102089886
102343756
102940167
103694437
103997649
104028836
104218470
104233816
104474336
104538188
104748735
104836554
104857599
104857600
105026542
105082707
105083311
105156043
105204736
105402940
105675653
105755768
106142731
106187864
106368583
106408605
106596454
106661404
106684508
106734383
106805173
107219506
107340350
107521379
107984935
108322996
108413335
108716179
108741731
109037707
109051902
109051903
109051904
109051905
109116993
110180621
110317765
110486519
110734337
110842410
111008099
111232988
111265680
112005179
112042215
112376843
112584101
112614586
112710241
112722546
112888381
113162738
113246207
113246208
113318302
113480250
113586035
113596193
113675078
113802007
114128223
114210112
114221151
114407594
114593719
114760629
114835056
115699849
115717341
115793668
116209186
116321023
116355250
116631016
116812350
117440510
117440511
117440512
117440513
117693136
117970567
117974347
118012476
118063147
118105810
118618995
119054069
119165389
120708343
121052147
121287713
121355983
121479684
121634815
121634816
121823598
121987561
122675829
122681209
122844938
123076934
123304818
123788988
123857265
124390497
124406177
124419430
124435309
124566886
124914867
124963367
125166523
125829118
125829119
125829120
125829121
125862760
125999241
126184679
126601027
126850173
127488089
127567535
127581073
127666904
128041259
128656014
128728071
128778198
128781706
128946182
129148422
129440155
129888302
130023423
130023424
130068708
130077429
130297657
130600783
130625336
130850632
131694292
131749655
131788885
131854693
132295790
132575217
132741032
132933575
133295317
133310995
133438865
133456470
133513316
133794639
134217726
134217727
134217728
134217729
134265961
134449701
134474180
134561382
134688073
134714518
134757317
134865696
135120321
135162684
135235300
135473834
135623761
136180081
136366773
136598331
136923396
136949475
136970445
137279831
138412031
138412032
138998480
139036758
139155015
139295935
139521444
139534431
139624355
139880940
139946949
140262850
140328902
140500153
140816819
140912704
141457150
141804205
142094063
142181599
142232709
142274722
142376710
142606334
142606335
142606336
142606337
142690374
142711060
142714173
142942796
143334670
143401277
143405286
143437540
143549728
143588876
143803422
144148344
144228729
144454078
145387190
146078189
146499768
146537007
146621419
146800639
146800640
146874761
147224513
147669370
148085487
148153551
148724388
149091639
149241527
149358514
149536039
149586819
150290781
150432435
150562056
150772906
150994942
150994943
150994944
150994945
151230727
151419127
151647821
151879316
151920600
151996857
152659287
153032025
153290743
153686455
154047948
154132530
154614421
154898210
155189247
155189248
155379484
155550046
155565035
155638426
155646311
155716278
155728119
155778593
155890905
155941195
156520849
156595816
156850920
156883961
156948297
157516163
157965321
157976013
158124137
158201612
158515843
158519803
158604367
158881326
159383550
159383551
159383552
159383553
159904910
159912376
160101060
160829386
160900879
160933589
160958660
160988156
161239910
161382019
161411381
161419095
161810127
161884766
161935219
162078823
162175991
162267557
162331597
162748091
162909875
163322071
163577855
163577856
163788760
163925428
164655143
164656756
165323025
165517783
165591409
165683072
166163413
166172123
166392033
166484322
166588386
166622188
166629799
166655357
166752523
166884769
167318200
167692738
167772158
167772159
167772160
167772161
167952487
167974199
167997235
168254019
168311860
168381113
168468153
169782773
169914936
170093372
170122263
170420814
170473442
171033863
171191952
171822083
171966463
171966464
172016456
172128221
172434455
172749659
173003747
173265947
173934002
174134707
174182222
174556645
174831310
174942883
175290731
175342747
175445138
175689133
175739923
176108629
176160766
176160767
176160768
176160769
176421779
176847178
177131891
177420662
177480234
177796194
177917336
178040938
178121809
178416794
178594284
178732682
178794414
178937404
179066944
179136554
179206152
179436455
179639551
179773902
179950913
180029662
180104598
180355071
180355072
180406153
180486508
180527909
180871359
180901694
181162775
181170531
181354053
181803423
181949015
182351125
182416343
182571251
182586481
182723247
183047797
183295793
183328640
183357926
183485354
183486841
183742181
183798769
183843875
183844550
184484628
184549374
184549375
184549376
184549377
184820842
184830492
185139664
185430777
185746528
186042673
186263220
186338002
186340535
186377669
186493156
186822320
186904078
187129773
187269895
187356895
187400287
187562251
188048065
188168236
188520241
188602680
188743679
188743680
188836021
188863238
189026262
189040891
189324426
189576393
189845848
190037413
190171370
190281099
190493784
190607973
190625636
190644744
190733352
190933075
191218519
191499823
191650008
191705269
192213942
192275769
192326029
192937982
192937983
192937984
192937985
193236269
193361853
193858034
193944570
194283392
194533573
194641550
195141814
195718872
195860377
196340762
196353069
196529062
196772001
197045565
197050596
197055409
197132287
197132288
197511308
197668135
197721114
197800722
198242739
198949928
198966094
199385070
199569323
199570556
199741839
199783301
200739448
200857544
201017313
201227497
201326590
201326591
201326592
201326593
201862689
202052148
202111975
202214833
202270445
202436653
202633961
202662564
202942085
203038213
203422850
203642952
203784294
203902023
203917522
204286196
204305002
204437650
204577705
204913584
205520895
205520896
205904942
206405104
206459294
206501788
206826660
206840526
207065965
207109358
207143721
207614655
207700171
207994393
208183117
208744481
208898951
208917159
208952021
208963769
209650443
209692711
209715198
209715199
209715200
209715201
209841438
210270554
210286073
210354171
210368189
210411971
210561009
210913184
211154918
211187392
211288017
211315514
212543520
212546644
212680087
212787467
213432839
213909503
213909504
214122457
214304660
214539531
214626425
214843122
214949066
215142410
215257910
215261530
215676159
215947530
216328834
216694493
216951495
216955753
217296694
217915120
217986536
218103806
218103807
218103808
218103809
218536011
220015073
220131517
220345139
220408069
220482265
220803930
220818458
221175492
221358604
221485529
221516806
221536450
221574604
221811113
221851111
221908613
222217939
222251008
222298111
222298112
222411206
223180537
223288107
223339934
223345831
223389514
223518617
224469937
224839826
224895851
226000182
226059087
226114823
226122036
226164111
226431879
226492414
226492415
226492416
226492417
226510651
226911695
228250630
229061344
229090711
229357683
229818098
229934659
230092734
230099882
230686719
230686720
230902045
231423297
232915772
232961291
234069196
234230969
234327549
234388072
234580557
234741475
234881022
234881023
234881024
234881025
234996325
235059484
235191524
235204123
235288226
235346427
235361894
235418237
235712925
235878418
236239215
236289011
236623463
236824697
237366424
237764609
238793052
238961509
239075327
239075328
239461287
240602222
240667503
240903635
241061682
241083678
241084566
241274662
241936566
242201549
242300800
242337491
242473848
242650413
242675229
242825996
243084525
243269630
243269631
243269632
243269633
243601494
243763608
243996269
244013626
244294950
244547414
244585573
244866527
244881874
245047213
245326407
245732162
245751128
245758085
245873935
246345159
246562574
246688448
246733942
246985104
247255652
247422599
247441188
247460020
247463935
247463936
247940112
247982671
248143228
248564740
249126661
249368920
249464337
249826336
250102472
250146755
250337552
250970390
251000741
251098457
251658238
251658239
251658240
251658241
251705269
251862179
251912635
252099403
252467988
252925327
253059623
253627222
253796195
253925363
254557248
254605865
254869710
254898131
254933434
255309906
255545416
255776421
255852543
255852544
256026646
256484285
256625302
256721202
256856827
256898198
256915504
257041927
257397234
257416299
258145914
258200667
258308750
258364911
258609541
258679025
259163075
259606117
259860445
260046846
260046847
260046848
260046849
260331927
260375686
260702614
260858900
260974108
260992586
261396285
261451638
261532766
261751970
262250711
262273074
262658866
262701211
262789977
262811735
262887596
262950837
263045923
263123261
263550507
263597799
263686057
263727827
263828878
264241151
264241152
264362441
264518130
264585155
264711452
264869147
264888458
265027210
265031159
265653975
265883985
266347623
266357296
266954084
267031378
267033244
267204573
267354329
267593315
267709530
267912828
267959311
268234628
268435454
268435455
268435456
268435457
268561917
268700011
269113763
269228824
269434749
269478251
269510650
269589418
269607904
269621980
269801637
269821259
270010205
270167644
270396640
270520710
270761209
270828008
271377205
271562312
271735486
271751823
272388980
272395258
272399422
272420147
272629759
272629760
272658118
272764233
272858040
272862224
272895132
273484909
273499957
273574999
273728914
273918662
273962467
274064773
274405020
274423764
274656225
274858597
275014799
275058747
275330144
275602731
275647211
276222181
276766786
276822244
276824062
276824063
276824064
276824065
277018030
277080035
277335838
277719132
277839511
277875907
277910177
278524337
278674753
278700827
278900491
279246103
279677745
279693864
279728679
279732586
279820477
279827509
280357329
280520585
280718956
281018367
281018368
281083025
281088699
281329281
281381010
282448878
282748759
282911876
283094125
283427604
284176178
284347423
284726627
284727771
285050702
285212670
285212671
285212672
285212673
286350644
286358239
286501067
286538903
286701816
286718511
286879918
287019126
287109565
287135919
287321118
287335752
287502408
287550805
288004602
288023031
288244487
288416588
288571774
289099272
289182811
289238982
289406975
289406976
289528352
289776497
289990445
290363951
290971641
291007419
291047364
291985722
292063333
292210474
292260367
292373272
292397518
292585488
292993346
293076614
293133057
293278498
293346477
293498829
293601278
293601279
293601280
293601281
293928388
294110953
294160125
294380517
294588035
294697646
294728985
294788963
294805801
295481284
295645320
295982610
295997130
296087352
296952676
297431069
297486476
297795583
297795584
298183931
298316792
298398941
298492018
298599339
298758371
299033897
299248470
299322853
299382774
300159467
300165160
300187842
300592507
300684522
300948662
300990185
301044219
301359329
301964225
301989886
301989887
301989888
301989889
302032846
302174776
302584968
302644658
303174446
303213297
303213715
303342365
303440108
303445000
303947998
304055679
304218888
304495636
304500187
304836367
304911554
305035832
305065603
305154090
305626098
305699872
305912581
306107085
306184191
306184192
306233671
306343834
306492968
307388770
307618620
307622426
307867581
307973275
308453357
308482152
308626590
309203706
309926505
309975760
310296843
310378494
310378495
310378496
310378497
310755138
310896044
311186870
311213169
311216852
311293155
311323354
311370990
311469963
311733305
312010003
312312991
313187302
313560634
313632639
313655441
313757675
314185922
314345834
314441573
314465125
314572799
314572800
314583204
314777965
314821167
314859308
315323764
315499399
315626005
315811044
315905126
316228831
316360801
317823129
318065037
318535498
318767102
318767103
318767104
318767105
319256967
319280296
319444079
319931884
319998256
320309515
320399932
320611614
320708274
320786146
321227205
321340572
321497966
321514333
321629843
321786514
322437638
322439428
322847787
322961407
322961408
322982383
323301763
323797155
324106306
324131122
324165817
324650457
325056924
325240038
325519929
325715730
326800869
326953064
327115332
327128685
327155710
327155711
327155712
327155713
327191028
327241123
327348204
327377821
327695607
328000699
328002734
328046888
328187247
328500680
328639438
328869912
329444392
329578335
329795890
329875843
330289010
330306295
330634080
330654586
330752455
330982364
330992223
331120359
331350015
331350016
331481393
331491442
331970617
332247008
332272427
332370296
332406318
332500425
332612097
332880024
333252346
333316860
333394222
333549133
334099909
334160301
334232939
334346877
334349976
334615303
334819829
334957624
335014382
335238165
335297427
335544318
335544319
335544320
335544321
335651912
335687578
335709152
335908677
336136463
336138839
336262781
336620449
336888274
337042500
337336276
337370532
337465328
337468053
337665596
337723248
337844533
338146784
338198435
338798895
338818134
338826641
339147889
339578612
339638890
339683706
339738623
339738624
339769956
340549598
340652091
340808253
340991961
341365047
341369298
341634074
342145708
342855549
342985698
343575165
343932926
343932927
343932928
343932929
343936765
344896902
344980287
345007718
345063853
345107991
345145100
345200406
345740408
346614550
346727569
346736221
346948174
346950504
347102218
347297504
347986200
348127231
348127232
348343475
348417680
348433929
348758903
348819475
348977011
349031541
349271396
349587041
350006780
350062587
350310194
350451714
350489548
350645320
350658327
350713803
350732595
350761390
351021983
351023175
351320002
351496063
351750131
352057905
352071328
352085415
352321534
352321535
352321536
352321537
352932922
353200757
353732486
354368494
354506099
354541755
354985685
355372545
355612830
355615774
355693722
355706116
356039132
356375313
356442874
356445201
356515839
356515840
356757489
356948827
357231922
357443114
357534689
357605511
358296061
358516657
358708645
358859550
359121090
359833630
360707868
360710142
360710143
360710144
360710145
361048190
361125607
361360343
361419834
361593440
361752322
362226601
362267593
362664417
362934613
363156160
363186396
363308268
363320686
363409035
363483907
363851007
363925635
363971113
363981748
364004586
364010847
364049951
364371146
364437292
364547272
364745376
364831796
364904447
364904448
364953870
365152815
365349638
365349653
365357030
365399112
365582084
365655749
365662783
365784361
365831983
366122360
366598115
366646073
366658971
366797114
367620874
367676047
367787594
368242662
368698137
368812404
369098750
369098751
369098752
369098753
369280652
369815481
369979184
370129748
370613623
370685143
370729876
370972023
371132051
371248537
371580589
371617249
371632749
371983704
372147477
372179145
372186173
372219576
372776059
372886702
373194264
373293055
373293056
373448111
373531520
373558857
373848779
374024618
374675496
375242506
375426314
375740868
375942325
376068591
376526333
376566344
377074237
377331869
377332625
377487358
377487359
377487360
377487361
377567687
378012268
378168150
378475569
378625691
378817166
378922676
378980195
378985792
379315298
379330117
380156453
380283349
380325010
380837289
381448213
381681663
381681664
381943809
382042910
382187551
382313550
382704561
383043149
383233627
383248110
383296683
383440415
383588227
383626271
383635790
383807526
383973770
384286086
384571452
384626304
384687608
385544144
385776123
385795074
385813382
385851122
385875966
385875967
385875968
385875969
386061520
386192456
386225959
386480490
386501546
386665380
386843803
387115557
387464916
387719078
387826165
387948983
388023131
388056443
388157939
388188109
388210640
388493052
388517790
388697875
388960077
389283916
389466988
389523258
389727949
389964077
390016287
390070271
390070272
390539935
390692103
391175395
391351148
391464141
391503543
391776266
391996543
392097516
392270796
392365265
392432424
392563930
392617131
392698492
392777576
392995324
393011723
393589564
394264574
394264575
394264576
394264577
394548902
394667937
395060412
395113878
395638753
395640591
396324690
396447860
396597030
396769804
397327100
397370361
397453895
398163107
398182227
398187412
398458879
398458880
398512658
398729121
398955207
399044614
399045342
399620396
399885484
399958727
400005851
400186359
400416290
400429955
400932160
400933412
401243312
401696402
401723003
401733185
401774208
401990232
402141636
402470859
402653182
402653183
402653184
402653185
402680341
402769999
403258479
403550642
404032504
404125248
404165402
404393902
404685621
404696176
404832554
405079369
405081803
405313194
405336216
405691956
406426832
406441222
406847487
406847488
406892283
407434120
407468921
407657198
408034541
408486087
408495445
408502628
408639366
408731582
408778985
409375540
409378662
409709166
409894737
410007167
410084349
410127801
410228831
410499931
410558509
410627151
410903328
411000830
411028688
411041790
411041791
411041792
411041793
411361867
411507323
411788720
411820265
411866283
412084991
412302911
412482988
412781388
412942641
413672466
414292174
414895345
415105484
415107721
415236095
415236096
415455176
415582908
415716665
415829315
415959490
416379639
416437512
416492651
416598174
416737968
417246834
417251174
417749599
417827357
418032004
418431950
418568488
418652761
418735671
418900089
419286307
419423843
419430398
419430399
419430400
419430401
419957757
420257483
420441874
420996397
421016223
421632061
421931784
422153507
422380343
422425341
422698935
423624703
423624704
423632181
423668979
423779368
423783182
423887225
423971518
423988767
424355604
424371050
424592801
424748070
424902997
425047589
425771401
425786926
425788185
425804403
426052464
426339259
426379210
426583426
427240306
427309657
427526756
427682565
427773206
427819006
427819007
427819008
427819009
428150126
428321126
428337338
428444965
428544436
428594272
428863046
428973412
429045135
429318245
429358367
429480900
429621081
430237334
430313235
430363043
430794664
430823740
430981101
431269555
431298304
431311585
431522025
431638537
431707525
432013311
432013312
432080034
432134550
432642910
432858355
433173281
433732726
433985107
434072633
434671969
435009494
435234330
435852516
436207614
436207615
436207616
436207617
436237643
436709492
436821895
437016570
437426242
437722446
438621595
439228841
439662385
439820810
440114644
440401919
440401920
440543477
440680021
440698425
440798992
440819496
440866951
441405026
441767832
441943753
441959004
442020830
442283816
442416481
442587353
442704922
442749024
442963931
442970597
444167195
444370231
444596222
444596223
444596224
444596225
444871686
445139963
445331529
445444494
445450612
445656495
445838594
445902932
445969783
445987973
446425329
446500820
446717007
446870340
447029170
447043326
447690280
447988826
448389329
448790527
448790528
448976750
449100333
449189928
450053250
450213060
450366641
450507498
450592795
450770858
450805283
451155703
451184104
451221048
451704594
452413191
452984830
452984831
452984832
452984833
453539364
453638866
453986022
454238786
454373477
454596379
454654212
455519293
456831592
456899371
456920975
456944486
456973757
457106533
457179135
457179136
457197315
457608018
458027139
458074274
458077422
458478936
459320567
459453946
459483527
460020017
460027704
460400668
460540115
461035833
461221434
461231645
461268785
461373438
461373439
461373440
461373441
461391546
461488827
461716518
461799684
462065524
462166016
462294159
462452207
462711055
462887505
463114581
463488659
463637482
463876375
463925680
464186718
464313911
464343692
464803896
464869456
464987620
465532308
465567743
465567744
465801277
465802134
466080884
466291702
467186140
468340530
468597084
468678046
468916193
469297736
469429117
469565761
469762046
469762047
469762048
469762049
470201987
470427954
470461947
470825971
471364935
471797358
471927296
472065207
472360887
472376379
472436865
472704791
472862017
472898941
473254549
473286076
473601410
473718147
473754783
473956351
473956352
474036386
474200797
474352752
474755166
475782450
476095757
476289002
476388618
476716339
476771766
476788141
476990662
477071741
477575308
477691330
477695373
477773634
477874443
478111576
478150654
478150655
478150656
478150657
478583035
478769126
478822609
478940965
479039276
479112030
479643244
479859722
479967080
480380981
480391100
480456842
480466576
480761543
480974314
481052734
481219129
481516773
481616888
481950869
481963759
481984526
482195503
482344959
482344960
482621132
482887556
483099242
483585529
483617070
483750879
483924158
484028029
484185597
484473559
484527952
484573543
484677051
484885468
484912891
484988493
485941082
485961308
486036049
486080243
486266924
486395380
486539262
486539263
486539264
486539265
487270914
487364593
487772978
487893517
487933061
488039663
488225207
488321040
488468056
488668843
488844166
489065127
489215045
490544531
490559522
490733567
490733568
491025018
491138974
491423521
491625325
491648781
491863374
491968676
491992142
491996713
492255010
492273442
492596991
492689976
492820673
492913685
493189040
493204697
493846404
494721057
494877820
494927870
494927871
494927872
494927873
494936243
495315843
495348945
495462139
495608023
495690913
496044433
496111539
496149188
496558449
496697522
496747760
496979744
497010352
497027630
497283074
497492371
497560712
497580795
497616058
497706503
497745407
498505910
498937572
499122175
499122176
500157330
500335932
500418153
500465376
500528244
500736185
501023109
501453284
502495865
502525554
503178051
503316478
503316479
503316480
503316481
503380407
503513409
503739722
503933794
504644968
505073143
505240054
505363797
505442944
505504019
506141948
506178732
506203915
506333918
506484188
506567121
506784877
506799534
506930314
506989149
507289489
507510783
507510784
507606216
507930426
508054012
508056496
508082209
508364757
508427590
508579269
508763504
508945876
509342106
509385269
509668881
509977588
510046025
510298268
510468564
510980546
511008541
511056744
511683629
511705086
511705087
511705088
511705089
513686565
513756047
513888515
514133261
514163469
514233183
514759016
514902203
515046557
515175079
515177154
515407742
515710164
515720530
515775490
515809774
515827221
515899391
515899392
515992915
516023424
516192473
516215880
516483462
516662479
516715850
516775216
517007188
517825790
518285993
518709723
518776728
518788303
518821953
519056481
519079362
519228041
519317633
519589197
520046486
520093694
520093695
520093696
520093697
520380603
520435268
520620765
520652442
520984554
521097531
521229812
521316199
521879770
522313709
522406164
522457913
522520069
522747915
522977008
523053062
523079900
523099630
523125852
523440420
523493560
523703203
523924310
524287999
524288000
524778679
525238328
525673040
525776510
525954092
526349683
526753765
526861030
526974227
527053196
527575282
527931231
528379351
528446017
528482302
528482303
528482304
528482305
529239803
529289448
529400332
529543219
529563189
529583837
529870326
530201682
531684624
532078951
532321883
532334581
532342664
532676607
532676608
532690596
532706308
532981063
533223773
533656725
534248631
534589288
534763759
535357176
535516304
535594282
535735076
536148267
536216692
536352163
536433516
536870910
536870911
536870912
536870913
537087877
537217494
537368560
537460238
537535718
537571263
537788627
538468478
538471641
538861524
538908670
538924421
538950824
539403906
539913380
539974497
540218852
540689523
540951489
541065215
541065216
541102184
541452979
541538380
542024282
542052635
542111207
542132841
542264450
542280814
542426608
542447198
542595497
542729917
542896391
543362525
543808553
543810970
544186072
544307379
544435040
544566288
544572103
544572585
544964696
545259518
545259519
545259520
545259521
545314061
545334268
545402872
545441835
545733288
546004581
546150166
546209029
546221763
546272889
546304243
546347122
546422372
546522043
546573749
546753044
547409053
547462395
547614525
547635001
547747869
547747913
547932986
548055985
548174521
548259393
548315015
548464461
548650671
549238650
549278485
549306148
549453823
549453824
550080519
550121693
550426312
551397210
551536785
551857334
551981595
552084279
552216865
552318940
552467825
552549509
552739101
552809648
552876690
553013717
553159143
553161833
553277405
553513943
553517286
553648126
553648127
553648128
553648129
553657229
553671788
553712642
553981478
554317774
554542033
554869270
555215742
555489386
555543578
555735811
555742463
556035785
556525079
556883990
556920023
557386459
557392155
557716063
557842431
557842432
558027826
558272513
558411479
559727769
559728685
559892467
560143857
560181421
560234851
560296206
560634742
561243172
561255091
561422738
561962614
562036734
562036735
562036736
562036737
562222345
562387355
562997684
563603904
563805222
563967784
564112447
564310090
564413481
564460178
564847116
565022308
565169888
565170999
565349393
565607741
565811615
566231039
566231040
566419362
566592463
566942428
566994823
567366655
567579509
567595289
567934472
567970767
568031116
569168729
569169310
569355975
569522804
569791309
569846872
570425342
570425343
570425344
570425345
570434829
570519285
570539738
570605649
570643941
570664247
570875992
571006453
571610469
571699781
571761832
571830606
571845423
572010317
572570263
572696379
573053264
573190563
573277091
573624062
573748106
573971944
574270210
574378753
574566303
574619647
574619648
574957073
575368753
575557492
575808913
576148120
576371158
577009510
577104730
577258734
577401158
577636427
577669601
577726384
577736976
577993685
578025596
578230312
578276777
578488307
578597720
578699788
578813950
578813951
578813952
578813953
578970724
579091849
579300041
579429210
579740401
580143220
580301022
580411860
580492522
580563893
580641965
580745805
581034383
581072039
581096473
581182903
582022799
582227927
582331484
582508914
582544413
582825880
582978360
583008255
583008256
583058840
583218529
583645679
583688993
583742268
584049209
584314212
584337520
584840724
585138862
585420572
585522797
585532817
585795363
586257513
586582055
587120223
587152442
587202558
587202559
587202560
587202561
587320574
587695461
587883298
587895753
588407052
588855963
588856944
588937854
589083530
589479812
589883159
590046122
590313213
590682916
590917325
591111113
591396863
591396864
591410580
591554529
591808407
591842898
592120225
592269479
592487259
592496381
592592346
592676110
592745175
592919193
593127249
593264960
593340857
593470469
593781985
593784555
594335368
594534971
594596258
594758541
594848079
595106107
595176188
595358657
595446520
595464451
595591166
595591167
595591168
595591169
596372323
596540526
596681705
596809755
597024244
597382891
598267591
598298432
598583274
598704673
598809925
598867566
598883338
598926618
599114911
599257459
599356940
599527705
599727806
599785471
599785472
599813830
600123875
600144292
600181808
600211223
600340213
601232628
601284959
601507342
601776247
602202883
602497119
602807079
602841849
602900038
603171631
603171634
603834474
603979774
603979775
603979776
603979777
604309692
604499971
605266904
605436058
605487805
605648367
605792600
606098995
606199906
606279916
606456740
606895980
607300454
607606405
607990523
608034345
608101862
608174079
608174080
608298568
608541266
608591358
608638817
609052724
609272114
609310060
609564155
609569760
610205025
610248153
610678933
610779625
611074965
611264403
611738858
611918708
611919169
611922623
611937916
612100345
612368382
612368383
612368384
612368385
612445449
612646009
612760818
613534326
613746246
614446793
615156506
615238322
615358305
615360069
615406260
615468457
615536159
615582520
615615210
615822571
615908554
616045713
616111328
616129438
616283377
616562687
616562688
616622406
616663224
616711109
616902788
617056828
617104903
617389424
617591400
617842951
618197618
618239818
618510591
618537609
618601779
618668394
618872037
619158339
619598987
619601878
619866787
619878647
620125991
620363589
620450229
620637467
620642748
620736509
620756990
620756991
620756992
620756993
620898048
621014209
621327875
622278644
622425699
622462668
622942444
622959677
623008372
623079816
623126879
623577662
623580017
623782527
623782707
624060649
624128246
624151322
624204815
624607362
624920747
624951295
624951296
625428137
625539838
626350846
626732562
626824969
626900742
627121493
627331781
627632039
628452029
628560867
628681183
628694726
628782506
629145598
629145599
629145600
629145601
629227867
629233109
629315041
629492717
630291722
630913188
630977406
631011422
631127036
631148317
631306113
631370920
631627002
631682052
632005116
632853478
633090338
633339903
633339904
633452874
633702022
633729095
633842114
634122001
634696615
634838816
635357065
635363561
635446065
635488995
635727957
635761581
636155916
636338996
636456257
636528949
636877674
636963953
637183376
637233617
637534206
637534207
637534208
637534209
637567338
637595122
637688235
637748409
638663274
638711290
638739876
638990253
639112567
639325590
639555677
639778571
639851300
639974132
639977183
640138167
640377206
640459766
640758160
641010679
641728511
641728512
641822699
641905618
642194206
642273598
642327103
642357048
642515798
642616035
642774593
643077342
643320946
644097363
644472466
644581298
645076947
645089339
645090353
645177813
645240934
645462926
645495790
645898451
645922814
645922815
645922816
645922817
646105733
646303737
646604389
646780934
646896258
647466465
648082220
648777074
649117924
649143859
649688265
649688593
650117119
650117120
650154135
650241351
650271450
650290209
650515188
650728101
650760927
651069831
651330820
651537052
651540691
651626378
651666826
651920632
652099954
652463554
652644620
652890037
652893676
652931867
653176372
653389267
653542607
653992745
654077678
654252302
654311422
654311423
654311424
654311425
655232374
655334653
655589053
655764041
655975525
656014870
656213198
656491722
656594474
656738037
656866430
657181137
657450985
657515116
658136310
658204990
658239539
658505727
658505728
658516177
658916811
659283351
659546033
659572832
659712961
659880063
659968700
659987421
660118356
660143761
660245885
660487949
660552568
660756197
660854141
660888559
661302235
661611146
661773733
662194543
662502127
662567480
662700030
662700031
662700032
662700033
662799446
662822364
662997536
663069413
663357451
663429714
663977587
664232274
664325529
664404058
665517017
666115468
666564969
666592217
666854049
666894335
666894336
666926545
667243197
667465948
667576543
667652772
667774031
667824724
667929882
668068999
669012769
669179051
669208300
669241445
669263554
669304811
669349271
669370545
669467170
669518007
669519090
669605830
669760916
670032181
670462531
670513701
670569629
671088638
671088639
671088640
671088641
671498520
671985513
672365373
672417536
672549977
672552885
672581662
672753391
672914409
673296825
673341492
673400436
673517945
673881792
674556116
674694163
675282943
675282944
675650779
675767109
676155022
676297489
676651515
676913592
677156749
677200677
677372170
677502929
677535311
677607777
678489997
678595758
679477246
679477247
679477248
679477249
679689136
679707964
679986236
680071635
680190893
680339653
680503506
681657200
682128677
682216959
682727744
683415482
683571970
683671551
683671552
683719530
684728816
685076300
685271758
685487216
685524939
685660138
685711254
685769027
686220862
686513835
687171210
687386139
687707306
687865854
687865855
687865856
687865857
687961909
688138531
688837296
689001601
689295887
689593686
690087518
690895953
690902533
690918405
691109003
691116433
691329667
691502771
692010507
692060159
692060160
692409101
692425215
692932523
693682889
693887454
694099154
694198093
694212185
694265366
694670136
694699931
695291735
695501210
695770010
696254462
696254463
696254464
696254465
696273094
696283304
696292762
696800178
697004354
697020217
697294888
697337526
697768111
697896139
697941967
698127683
698147484
698315685
698409372
698411053
698548769
698740338
698763791
698850071
699032527
699066090
699125126
699182459
699787628
700075219
700121886
700260408
700432399
700448767
700448768
700456497
700683502
701135583
701191372
701311987
701479056
701520249
701629703
701782398
701883914
701982434
702036326
702433586
702435532
703033734
703080280
703156814
703283621
703610772
703655283
703783950
703794076
703909364
704045578
704614472
704643070
704643071
704643072
704643073
704675181
704835843
705200065
705261869
705905544
706236817
707076993
707219930
707245910
707862980
708323386
708509087
708585551
708744287
708820206
708837375
708837376
708943778
708988714
709070548
709354166
709427110
709514145
710008218
710274273
710655474
711158084
711503995
711681448
711886111
712697522
712733219
712926045
712944051
713031678
713031679
713031680
713031681
713361498
713455231
713489893
713656260
713757166
713863869
714274727
714331976
715477193
715758208
715817668
716315665
716660712
716874266
717225983
717225984
717293132
717693853
717856612
717984494
718197393
718275365
718406357
718411778
718576978
718625683
719607264
719784257
719794909
719911951
720315277
720426919
720526613
720729219
720918260
721148208
721420286
721420287
721420288
721420289
721730118
721744048
721787154
721793390
721848818
722106910
722181706
722199376
722200553
722397095
722912541
722938694
722975721
723297686
723646553
723723861
723938463
724236017
724484498
724693459
725136537
725465398
725614591
725614592
725985363
726115655
726143418
726287923
726355917
726396822
726431711
726514000
726547661
726785067
727035614
727194541
727396082
727408885
727502591
728337284
728385959
728394217
728403497
729548678
729708340
729785199
729808894
729808895
729808896
729808897
730049739
730076523
730084576
730230989
730351768
730823869
731071573
731335525
731386478
731399740
731833846
732033335
732275979
732281140
732881761
733169807
733175062
733297897
733422387
733698277
734003199
734003200
734053658
734341896
734469207
734663268
735070727
735166377
735177891
735257151
735609988
735690912
735797529
736009565
736057663
736349834
736400596
736493423
736779325
736875943
737073044
737665992
737727591
737828922
737854489
738197502
738197503
738197504
738197505
738465034
738476269
738833928
738877611
739019703
739766629
740398473
740490820
740916918
740973224
741091933
741349209
741614828
741790452
741976033
742309998
742391807
742391808
742589753
742763236
742861255
742932741
743098224
743220414
743355797
743493671
744586929
744622034
744636319
744813099
745180789
745188105
745207704
745240135
745666857
745718144
745879524
746180265
746254761
746586110
746586111
746586112
746586113
746823834
746922802
747122530
747270723
747784327
748008737
748110949
748411269
748819854
748918225
749307015
749351586
749407176
749415832
749462012
749716763
750523198
750672941
750770128
750780339
750780415
750780416
750813613
751435619
751532263
751620098
751627975
751633991
752079132
752257448
752665255
752718589
752890872
753258862
753378347
753436390
754026592
754374927
754860992
754881779
754974718
754974719
754974720
754974721
754982556
755083739
755166982
755186436
755591504
755781647
756030215
756091580
756303998
756377252
756461380
756480038
756663868
756832962
757092657
757858061
757912460
758206513
758355071
758548546
758658865
759139231
759169023
759169024
759661874
760356162
760360841
760405822
760599599
760641106
761188080
761717910
762787832
762828847
763314551
763363326
763363327
763363328
763363329
763641013
763862506
763922808
764030847
764249229
764485569
764493389
764639472
764688144
764735276
764903893
765166003
765705605
765844747
766218086
766648872
766749790
766769682
767103958
767139854
767374079
767557631
767557632
768032814
768718046
768758577
768789053
769075296
769463414
769475336
769480050
769483089
769488570
769782636
769885921
770084397
770284759
770705888
770920166
770974370
771291525
771534376
771559957
771751934
771751935
771751936
771751937
771809391
772419263
772451650
772573739
772960961
773449992
773565944
773944080
773985936
774007399
774182508
774182973
774377547
774444538
774652050
774980255
775203761
775928202
775946239
775946240
776017568
776467613
776528542
776571036
776829712
776889142
777385443
777480672
777490560
777590846
777802153
777947582
777984428
778132533
778354692
778618753
778723291
778814941
779045381
779311396
779517866
780140542
780140543
780140544
780140545
780375313
780398577
780687886
781097377
781259012
781330587
781838978
782135287
782168774
782274358
782808995
782851354
782988828
783094662
783243988
783338521
783344255
783488483
783605202
784000985
784024716
784237380
784334847
784334848
784696308
784722446
785229728
785709409
786351281
786441231
786922122
786982079
787013856
787087538
787116469
787575082
787617829
787737439
787793475
788483581
788529150
788529151
788529152
788529153
788675201
788770273
788902886
788976350
789011695
789072021
789097514
789287723
789368214
789385768
789813548
789878362
789947700
790085173
790146798
790375665
790512497
791083753
791224467
791400376
791625172
791911281
792217740
792591777
792658363
792723455
792723456
793384146
793616874
793871476
794210979
794306866
794512691
794600729
794603383
794625414
794638005
794743726
794844517
794898298
795069885
795488340
795696731
796405420
796601453
796730867
796917758
796917759
796917760
796917761
797012479
797020148
797113614
797412540
797540689
797656075
797750157
798511302
798570706
798918209
799310762
799382241
799430868
799517733
799879514
800297414
800642398
800682730
800830008
800833604
800939596
801112063
801112064
801172702
801414294
801783987
802307591
802459570
802461305
802493424
802500494
802589361
802613500
802894921
802959646
803091801
803356211
803526158
803851234
804029541
804421050
805031717
805054166
805306366
805306367
805306368
805306369
805603678
806165332
806795912
807648040
807674626
808334177
808852104
809253122
809500671
809500672
809781522
810022043
810436150
810860301
811320555
811554072
811576790
811765019
811985873
812116077
812127459
812453208
812565163
813001073
813059557
813403843
813440189
813694974
813694975
813694976
813694977
813980200
814063629
814096545
814103498
814748649
814958103
815091264
815160160
815578482
815940905
816743326
817232581
817461700
817611363
817889279
817889280
817952777
818190316
818362172
818675732
819007911
819169781
819609233
819837870
819858944
819994410
820204131
820667969
820963817
821039431
821435127
821678631
821761244
821922647
821973760
821981189
822083582
822083583
822083584
822083585
822194757
822397170
822783475
822960820
823903724
824454623
824715622
824949392
825052419
825297179
825625179
825803731
825851322
826277887
826277888
826328080
826383792
826481107
826593752
826631248
826770845
827027550
827051166
827607584
828194413
828354607
828383543
828490215
828922294
829062141
829442307
829476895
830352949
830472190
830472191
830472192
830472193
830631986
830947761
831260793
832095623
832219920
832672960
832719472
832816348
832826184
832856502
832903351
833135062
833452255
833485585
833837032
833841086
834186434
834242481
834564934
834666495
834666496
834722314
835249942
835336530
835339919
835692716
835790773
835874301
836249258
836297121
836472273
836524542
836747470
836803699
836941437
837399679
837847984
837878188
837930768
838072436
838089742
838764488
838860798
838860799
838860800
838860801
838873064
838881202
838987256
839182360
839216245
839291358
839342927
839388363
839620534
839640438
839674173
839715410
839718672
839908619
839980038
840098362
840172508
840216038
840338570
840654163
840792568
840836804
841197354
841258263
841266124
841737272
841972184
842019320
842019913
842630790
842771362
843055103
843055104
843347546
843384032
843399719
843451498
843671849
843687583
844249741
844627033
844711247
845016142
845375728
845588402
845693539
845884722
846553197
847249406
847249407
847249408
847249409
847393723
847761156
848002544
848123621
848204584
848471452
848476905
848598963
848622880
848885104
848966682
849195489
849287213
849434964
849597107
849623612
849864777
850463619
850467760
850629220
850768494
850835199
850930089
851336246
851390179
851443711
851443712
851482632
851658262
852094928
852201996
852404086
852681334
852708643
852756989
853096813
853214705
854008074
854016980
854801302
854929772
855027277
855365369
855375700
855417444
855471210
855626158
855638014
855638015
855638016
855638017
855728073
855730656
856047066
856077982
856204108
856967717
857061357
857477686
857839835
857969342
858026131
858195683
858227922
858391280
858583407
859249814
859291672
859377836
859590791
859666484
859797655
859832319
859832320
860401584
860555714
860895110
861247293
861420597
861444978
861721628
862164684
862573617
862672041
862761452
862954981
863270712
863526400
863784868
863995967
864026622
864026623
864026624
864026625
864074770
864199292
864274734
864962619
865074465
865113181
865534490
866079096
866120994
866451959
866928545
867838415
868220927
868220928
868465471
868472798
868522291
868545282
869040537
869507664
869870934
870959889
871157168
871206649
871364274
871675127
871945473
872272228
872415230
872415231
872415232
872415233
872459058
872571396
872589584
873355374
873666416
873694763
873848881
873926778
874182936
874209787
874322342
874524958
874732574
874913088
874923474
874947339
875614619
875659654
875693506
875774493
876039944
876345983
876609535
876609536
876671283
877108798
877209113
877482202
877521166
877529868
877580236
877655127
877934911
877985137
878066048
878104480
878363240
878454377
878887138
878896305
879057968
879077781
879137140
879712015
879887299
879923463
880163795
880244589
880459688
880618477
880735364
880803838
880803839
880803840
880803841
880992217
881414373
881798463
881800882
882477736
883331492
883400053
883617865
883820570
884044640
884393053
884490942
884590992
884969350
884998143
884998144
885148126
885226216
885571733
885877394
885900315
885919357
886879572
886994501
887088984
887914465
887939138
888115063
888133773
888645851
889140004
889192446
889192447
889192448
889192449
889272804
889309608
889675295
889930966
890024708
890188469
890377237
890428035
890788500
891104092
891356592
891381084
891400712
891609369
891648354
892288623
892658718
892831936
893019560
893386751
893386752
893765856
894122921
894505933
894535021
894821776
895254003
895461918
895566463
896287691
896413722
896449348
896542147
896720858
896758149
896797045
896808690
897134723
897485092
897514210
897581054
897581055
897581056
897581057
897619009
897729708
897768807
898166602
898262395
898285023
898958266
898963622
899006091
899273977
899339317
899566944
899820368
899872100
899991183
900172970
900274348
900347182
900369728
900423402
900427858
900479007
900771755
901327525
901552854
901557434
901650489
901775359
901775360
901809704
901910732
902026142
902221232
902501861
902835546
903101972
903162161
903987221
904087340
904288971
904638544
904699356
904769984
904809973
905823345
905969662
905969663
905969664
905969665
906148680
906210033
906250179
906681045
907318622
907918969
908542944
908974368
909242609
909282783
909352672
909983741
910163967
910163968
910309699
910454658
910695948
910730682
911686445
911792738
911884130
911955609
912406859
912929588
913144000
913605668
914027891
914125947
914358270
914358271
914358272
914358273
914599004
914695000
914753475
915127753
915342003
915494713
915886602
916001081
916036277
916086056
916157150
916374695
916468260
916481429
916582508
916867242
917125694
917612330
917709259
917850551
918143438
918552575
918552576
919574512
919603306
919674488
920168053
920327544
920356039
920402810
920762214
920809595
920866194
920965247
921094467
921188801
921321894
921543102
921629524
921957845
922021687
922067827
922248012
922315186
922332119
922664544
922746878
922746879
922746880
922746881
923013470
923019494
923101862
923307591
923368332
923632155
923718284
924284528
924467982
924684812
925159579
925223557
925306539
925333606
925536987
925621962
926113619
926336798
926686470
926747912
926898582
926941183
926941184
927129338
927585327
927733031
927848822
928006818
928314802
928331888
928635247
928636373
928704278
929351334
929463628
930112670
930230520
930245657
930441394
930850890
930919998
931135486
931135487
931135488
931135489
931235735
931749850
932018061
932067365
932099514
932185309
932603053
932606396
932649384
932760700
932777870
933306219
933355183
933511612
933594663
933660063
934232564
934990820
935201443
935329791
935329792
936127876
936272007
936511935
936940945
937526046
937781381
937937440
938079168
938161230
938188619
938708182
939324329
939358463
939524094
939524095
939524096
939524097
939883741
939900880
940101758
940365323
940552150
940670623
940696850
940705400
940878260
940919115
941036555
941351720
941675773
941709017
941814771
941981729
942008080
942082313
942378568
942501405
942651594
942787928
943003827
943083041
943220611
943499122
943718399
943718400
943912034
944483326
945141295
945189713
945797240
946052499
946357013
946432563
946730048
946775278
947182969
947518049
947825651
947912702
947912703
947912704
947912705
948102930
948369940
948380146
948399339
948611464
948709662
948918888
949240701
949517290
949713464
949806463
950654552
950659190
951201261
951418204
952107007
952107008
952316150
952359891
952370373
952404050
952428997
952528924
952667798
952679998
952813285
953406566
953582863
953929630
953965028
954002693
954278531
954423666
954441227
954504214
954636948
954658576
955087820
955542176
956301310
956301311
956301312
956301313
956370051
956499234
956549532
956608992
957421057
957442829
957649651
957700530
957774124
957941125
957999967
958021642
958429773
958767205
958803059
958853311
958996070
959125663
959470600
959610506
959738071
960179443
960259361
960285971
960481699
960495615
960495616
960792515
960883891
961114660
961121356
961394993
961869460
961890405
962010394
962030917
962132201
962379091
963832432
964258881
964313893
964319027
964376068
964402996
964689918
964689919
964689920
964689921
964843507
965248387
966087498
966208972
966387249
966978954
967668345
967839968
968161984
968247568
968670314
968839437
968884223
968884224
969088775
969098542
969509050
969512533
970379555
970820998
970909925
970933787
971440209
971655061
971677057
971898857
972046952
972105356
972261643
972435694
972478080
972588875
972590078
972861820
972902656
972962618
972976545
973012143
973078526
973078527
973078528
973078529
973276268
973646096
973985647
974282293
974287007
974439861
974745286
974975438
975026663
975214996
975251628
975255328
975463274
975490280
975692234
975767448
975833350
975924046
976085783
976192479
976399974
977272831
977272832
977639210
977660765
977820267
977868401
977901423
978135226
978311320
978528934
978752842
978807104
979106461
979584660
979612449
980012195
980508991
980563255
980780632
980924759
981060633
981079261
981198220
981349369
981467134
981467135
981467136
981467137
981479406
981900516
981902414
982246881
982446947
982812301
982897513
983425064
983603759
984192876
984583452
984650437
984749037
984906456
985661439
985661440
985915809
986051268
986157740
986242040
986373806
986421059
986542583
986707648
986726241
986820112
987139987
987274509
987307561
987580838
988372068
988380089
988998894
989614980
989855742
989855743
989855744
989855745
990248494
990392583
990635098
991206987
991697627
991720158
991883706
992032962
992192182
992269469
992398551
992676412
992909517
993169079
993744861
994050047
994050048
994097482
994240282
994250324
994515070
994908837
995359752
995666194
995738765
996603073
996697457
997074048
997344495
997379410
997831236
997954513
998095013
998240071
998244350
998244351
998244352
998244353
998643502
998771739
999180092
999316619
999341922
999416184
999503864
999571700
999664442
999712667
1000270253
1000327633
1001033894
1001036413
1001405880
1001433474
1001634101
1001814177
1002140065
1002438655
1002438656
1002530122
1002659812
1003309518
1003408466
1003570181
1004038062
1004115197
1004275485
1004592206
1005152706
1005534245
1005538792
1006081790
1006191415
1006467440
1006632958
1006632959
1006632960
1006632961
1006691134
1006733185
1006936778
1006979014
1007026866
1007271222
1007665785
1007897127
1007912578
1007953768
1007983758
1007984198
1008103459
1008185728
1008214833
1008438966
1008784886
1008801360
1009322000
1010267254
1010391806
1010735616
1010827263
1010827264
1010828964
1010953912
1011024235
1011223355
1011430838
1011438182
1011605687
1011858864
1011900681
1011940850
1012106203
1012106468
1012577222
1012593759
1012677994
1013040657
1013260313
1013367097
1013774468
1014232280
1014422820
1014562948
1014694275
1014882464
1015021566
1015021567
1015021568
1015021569
1015024339
1015099042
1015165812
1015337436
1016174046
1016535832
1016664234
1017043037
1017394665
1017434047
1017460826
1017674975
1018004585
1018045792
1018185635
1018590518
1018871269
1019041159
1019215871
1019215872
1019286155
1019566466
1019749411
1019994512
1020083839
1020183406
1020384504
1020476858
1020928634
1021165555
1021486991
1021521923
1022251163
1022401071
1022428299
1022435134
1022818007
1022863979
1023262126
1023410174
1023410175
1023410176
1023410177
1023499109
1023560544
1023621943
1023729056
1023957180
1023973849
1024073759
1024145436
1024161332
1024163403
1024492293
1024507249
1024787480
1025111218
1025365919
1025859962
1025906401
1025967977
1026336170
1026539293
1026971191
1027003366
1027072188
1027527535
1027604479
1027604480
1027771892
1028100442
1028386850
1028686103
1029110314
1029706277
1030256766
1030440456
1030640453
1031599249
1031798782
1031798783
1031798784
1031798785
1031874900
1032934531
1033269603
1033794538
1034232378
1034517749
1034696724
1034919133
1034991935
1035164180
1035308263
1035620812
1035726472
1035993087
1035993088
1036689172
1037048847
1037133327
1037193128
1037605750
1038307689
1039035379
1039381663
1040111155
1040165907
1040187390
1040187391
1040187392
1040187393
1040451627
1040800618
1040856657
1040870013
1041417587
1041552250
1041767194
1041914577
1042059972
1042329758
1042626535
1043404458
1043572778
1043685772
1043834181
1043904636
1044381695
1044381696
1044499998
1044569046
1044721278
1044776774
1044818415
1044852394
1044909742
1045728824
1045789378
1045905313
1045938965
1045948622
1046108581
1046683321
1047106679
1047340764
1047421595
1047611734
1047971011
1048033181
1048068845
1048571571
1048575998
1048575999
1048576000
1048576001
1048861030
1048987727
1049579234
1050223778
1050356927
1050951182
1051027998
1051033547
1051218855
1051344787
1051485784
1051536707
1051551527
1051795687
1051913366
1052194671
1052502947
1052770303
1052770304
1053162208
1053362082
1053502017
1053881942
1054248682
1054264454
1054986428
1055252970
1055350627
1055539390
1055620911
1055897323
1056121034
1056281028
1056430652
1056964606
1056964607
1056964608
1056964609
1057068012
1057173558
1057353071
1057459914
1057704395
1058175357
1058198617
1058349840
1058419233
1058427363
1058456003
1058684212
1058918717
1059029376
1059203645
1059697661
1059856682
1059956376
1060069668
1060226018
1060566226
1061158911
1061158912
1061303196
1061352651
1061748952
1062057354
1062073819
1062305136
1062466307
1062586904
1062769847
1063267473
1063577185
1063655264
1064257736
1064521378
1065353214
1065353215
1065353216
1065353217
1065392831
1065398077
1065447392
1065714754
1065797097
1065809963
1065968870
1065986772
1066163300
1066624547
1067034990
1067260639
1067265249
1067392216
1067803058
1068105355
1068179227
1068211754
1068303057
1068565399
1069038300
1069177814
1069425147
1069547519
1069547520
1069802487
1069968602
1070035609
1070078904
1070449036
1070559089
1070822029
1070931781
1070933805
1071465879
1071486354
1071779007
1071782164
1071897873
1071920534
1071970394
1072116758
1072120543
1072459708
1072590046
1072655477
1072659581
1073124495
1073320306
1073730711
1073741822
1073741823
1073741824
1073741825
1073880932
1074130845
1074258133
1074596016
1074626069
1075008792
1075679912
1075725257
1075752752
1075924902
1076152388
1076179002
1076312173
1076541034
1076984626
1077501390
1077536311
1077547392
1077652394
1077719790
1077936127
1077936128
1078199210
1078205951
1078847013
1078880710
1078940327
1078962953
1079092933
1079307558
1079551385
1079711092
1079810286
1079918347
1080184870
1080403405
1080745412
1080791146
1081017590
1081073724
1081219545
1081331855
1081391415
1081397751
1081555681
1081666041
1082063522
1082130430
1082130431
1082130432
1082130433
1082353004
1082510004
1082768398
1083004350
1083305240
1083398845
1083503173
1083745701
1083853014
1083954635
1083968270
1084192487
1084218160
1084596597
1084692882
1084702599
1084889951
1085300377
1085314483
1085316458
1085693079
1086124484
1086186261
1086324735
1086324736
1086938157
1087120627
1087166044
1087232649
1087340768
1087537928
1087613316
1087782672
1087839615
1088092805
1088306432
1088469516
1088914190
1089357443
1089416720
1089463726
1089544522
1089662583
1089723606
1089878491
1090519038
1090519039
1090519040
1090519041
1090530701
1090651273
1090725765
1090751566
1090752813
1090790285
1091172647
1091344774
1091702150
1091979722
1092514529
1092601141
1092874268
1092974971
1093192373
1093356076
1093532382
1093700404
1094034412
1094713343
1094713344
1094805318
1094944636
1095095438
1095180899
1095453990
1095833816
1096147658
1096228766
1096301660
1096410327
1096842432
1097065879
1097274841
1097767376
1097843352
1097864273
1097876735
1097965407
1097987907
1098540052
1098571700
1098749021
1098907646
1098907647
1098907648
1098907649
1099269517
1099477564
1099727191
1099776477
1099799796
1100450374
1100696755
1100834165
1100915562
1100934621
1101080641
1101151552
1102156751
1102320143
1102411679
1102593887
1102619288
1102717488
1103101951
1103101952
1103409663
1103490334
1103594910
1104157823
1104213394
1104317135
1104627692
1104665574
1104810206
1105115935
1105528741
1106008954
1106094461
1106228203
1106446219
1106865470
1106962668
1107296254
1107296255
1107296256
1107296257
1108101339
1108389898
1108860370
1108919758
1109363765
1109420562
1109997141
1110002321
1110017781
1110036189
1110136868
1110404247
1110572404
1110689876
1111161965
1111201253
1111282456
1111372382
1111462884
1111490559
1111490560
1112517761
1112694414
1112979303
1113059558
1113216230
1113278755
1114026143
1114130004
1114293903
1114295113
1114424615
1114510526
1114781250
1114812877
1114941887
1115084943
1115250008
1115613490
1115641573
1115684862
1115684863
1115684864
1115684865
1115965784
1116519149
1116653187
1116884929
1117099662
1117431408
1117757098
1118427435
1118651318
1118655806
1118759482
1118830614
1118938111
1118956494
1118971947
1119059787
1119222417
1119689056
1119879154
1119879167
1119879168
1120485342
1120595450
1120607914
1120662906
1120863312
1121028227
1121035702
1121045210
1121250490
1121695776
1121875559
1122216129
1122463346
1122575449
1122659477
1123023277
1123229240
1123610904
1123657334
1123702492
1123775490
1124073470
1124073471
1124073472
1124073473
1124833271
1124896609
1124921428
1125080588
1125280069
1125564536
1125575780
1125770829
1125783323
1126148482
1126502045
1126720600
1126750643
1126783138
1126821180
1127106368
1127108911
1127180147
1127239020
1127331725
1128100257
1128173661
1128267775
1128267776
1128617459
1128625806
1128747978
1129014088
1129290811
1129546604
1130075677
1130309596
1130524707
1130797901
1131090545
1131138613
1131518628
1131573695
1131731229
1131759222
1132462078
1132462079
1132462080
1132462081
1132481801
1132727849
1132800826
1132926753
1133208739
1133363417
1133439554
1134071685
1134099857
1134289899
1134484727
1134653869
1134790392
1134812141
1134839174
1134898839
1134905114
1134931366
1135145689
1135358196
1135662160
1135723282
1135859044
1136055496
1136384351
1136514970
1136656383
1136656384
1136688248
1136841387
1137156949
1137191023
1137280853
1137292194
1137532537
1137638702
1137698294
1137929461
1138011511
1138114451
1138969868
1139134592
1139198903
1139215579
1139228553
1139408322
1139789256
1140258419
1140367025
1140513084
1140601739
1140627023
1140845603
1140850686
1140850687
1140850688
1140850689
1140939053
1141008808
1141103462
1141105065
1141164101
1141858728
1142048997
1142086315
1142171681
1142263667
1142396713
1142531708
1142784919
1142800834
1143159944
1143362050
1143451160
1143706116
1143785762
1143951381
1144275368
1144303366
1144358619
1144366245
1145044991
1145044992
1145145172
1145173255
1145699954
1146081057
1146142983
1146206789
1146313434
1146633567
1146642878
1147092563
1147110804
1147228496
1147301809
1147368205
1147544974
1147587386
1147676600
1148095431
1148179911
1148396777
1148999094
1149067578
1149239294
1149239295
1149239296
1149239297
1149390271
1149420078
1149434524
1149579697
1149581125
1149886171
1150248304
1150726280
1150980490
1151341374
1151644552
1151692173
1151875037
1152019785
1152098602
1152177407
1152452968
1153363116
1153433599
1153433600
1153603692
1153865348
1153916111
1154715349
1154821559
1155026805
1155080572
1155170688
1155436894
1155757389
1155879652
1155915685
1156188225
1156636664
1156695618
1157182448
1157235111
1157280230
1157627902
1157627903
1157627904
1157627905
1157819374
1158150119
1158196621
1158332075
1158497257
1158723316
1158866679
1159110126
1159112335
1159179106
1159179327
1159196178
1159407106
1159500309
1159500483
1160508434
1160666726
1160681109
1160706939
1160708827
1161056595
1161706392
1161822207
1161822208
1162169962
1162521344
1162557063
1162849267
1163439380
1163538607
1164264660
1164304958
1164769688
1165261819
1165290602
1165523688
1165583996
1165823232
1165966252
1166016510
1166016511
1166016512
1166016513
1166095474
1166138257
1166272464
1166550991
1166620778
1166823736
1166859521
1167013106
1167892955
1167965914
1168061179
1168289610
1168470968
1168665590
1169347618
1169589612
1169934370
1169959994
1169960272
1170008748
1170210815
1170210816
1170224942
1170440856
1170697706
1170893661
1171133074
1171497963
1171523550
1171584400
1171621878
1171932455
1172033971
1172119556
1172396425
1172581838
1173225766
1173247143
1173393461
1173583165
1173993655
1174300133
1174405118
1174405119
1174405120
1174405121
1174440118
1175228778
1175401814
1175441501
1175752409
1176191054
1176896962
1177001819
1177035226
1177135874
1177231254
1177881811
1177992740
1178599423
1178599424
1178623091
1178729445
1179071792
1179201863
1179754892
1179773757
1179882050
1179895905
1180025575
1180542407
1181145320
1181409944
1181422043
1181614596
1181993821
1182472656
1182477464
1182793726
1182793727
1182793728
1182793729
1182933355
1182946172
1183018090
1183026308
1183170922
1183193622
1183436369
1183631560
1184013952
1184237678
1184388541
1184598743
1184640697
1184675037
1185189040
1185326272
1185537154
1185853523
1186062195
1186450799
1186512048
1186603398
1186703186
1186909016
1186988031
1186988032
1187019044
1187403307
1187561228
1187961148
1187988760
1188165897
1188552901
1188731805
1189191161
1190176531
1190204753
1190309537
1190617916
1191182334
1191182335
1191182336
1191182337
1191780760
1192224413
1192358797
1192471346
1192679775
1192691604
1193290985
1193583441
1193635416
1194096459
1194221130
1194406666
1194480606
1194729156
1195103566
1195253009
1195376639
1195376640
1195463280
1195661683
1195735607
1195760923
1195907318
1195935492
1196727604
1196943744
1197024886
1197067683
1197461266
1197523687
1197767335
1197843985
1197867308
1197885334
1197954036
1197957048
1197991920
1198130328
1198823227
1199244560
1199299424
1199301301
1199330937
1199473560
1199489188
1199490765
1199519650
1199559775
1199570942
1199570943
1199570944
1199570945
1199787722
1200079695
1200433830
1200451132
1200645506
1200654901
1201177852
1201270350
1201352737
1201457112
1201644507
1201833527
1201939098
1201986916
1201987978
1202330661
1202335233
1202561272
1202586621
1203050860
1203160921
1203511046
1203602282
1203620666
1203753860
1203765247
1203765248
1203899807
1203978467
1204214697
1204817899
1204923733
1204928426
1205014876
1206149281
1206452542
1206734342
1206805544
1206849163
1207126393
1207194638
1207337715
1207346046
1207410674
1207599613
1207627985
1207906404
1207959550
1207959551
1207959552
1207959553
1208052621
1208271333
1208514728
1208639931
1208787683
1209276795
1209339246
1209753938
1210031038
1210218742
1210428958
1210748374
1210870766
1210990238
1211011186
1211144502
1211676675
1212153855
1212153856
1212372225
1212641028
1213197095
1213642933
1214099335
1214100946
1214162138
1214268067
1214420675
1215293257
1215505219
1215894753
1215904127
1216348158
1216348159
1216348160
1216348161
1216424026
1216568823
1216572644
1216643290
1216832078
1217087779
1217543221
1218420893
1218570106
1218686426
1218699263
1218850697
1218975737
1219114537
1219562062
1219563082
1219702396
1220542463
1220542464
1220650695
1220839086
1221287682
1221816579
1221849997
1221913816
1222123763
1222163404
1222339883
1222479733
1222756321
1222833558
1223041756
1223051655
1223150648
1223272325
1223418220
1223638688
1223703478
1223860624
1223997326
1224040972
1224051024
1224094031
1224327428
1224350774
1224407739
1224443295
1224485967
1224623189
1224736766
1224736767
1224736768
1224736769
1225207104
1225525142
1225748770
1225890186
1226052857
1226133491
1226259961
1226291944
1226366054
1226384044
1226740252
1226748475
1226978911
1227030884
1227208893
1227735716
1227900855
1228369480
1228517744
1228696196
1228814854
1228817471
1228924918
1228931071
1228931072
1229227683
1229338304
1229583470
1229584816
1229979143
1230489041
1230537910
1230735070
1231493140
1231505995
1231545192
1231755154
1232010848
1232173526
1232334343
1232461132
1232515040
1232792461
1232825674
1233021044
1233094050
1233125374
1233125375
1233125376
1233125377
1233332199
1233360980
1233668288
1233753233
1233815582
1234089565
1234110354
1234164499
1234343248
1234465089
1234695019
1234885800
1234972792
1235112555
1235348448
1235762120
1235839964
1236149807
1236262609
1236391530
1236477346
1236558941
1236706375
1236878091
1237319679
1237319680
1237720153
1237913135
1238345794
1238378670
1238529108
1238716865
1238725914
1238921847
1239094396
1239243566
1239353439
1239531421
1239946094
1240101411
1240267924
1240348464
1240804458
1240894326
1240999298
1241290631
1241437194
1241513982
1241513983
1241513984
1241513985
1241629984
1241674539
1241850367
1241896720
1242055273
1242349282
1242366828
1242669301
1243003123
1243035979
1243673623
1244079412
1244356852
1244498389
1244573199
1244619924
1245102952
1245106262
1245188937
1245328096
1245337905
1245486546
1245580417
1245708287
1245708288
1245974407
1246026811
1246195402
1246294578
1246329794
1246431788
1246621269
1246675214
1246681863
1246791550
1246978455
1247176026
1247203329
1247226670
1247302713
1247347328
1247684427
1247696503
1247731224
1247870481
1247962505
1248088169
1248431986
1248454654
1248499963
1248550380
1248920918
1248970250
1249218369
1249673252
1249828542
1249881917
1249902590
1249902591
1249902592
1249902593
1250681912
1250980384
1251004123
1251133453
1251771693
1252369369
1252557477
1252611373
1252792912
1253034084
1253391294
1253428589
1253630334
1254017747
1254062171
1254096895
1254096896
1254189710
1254353824
1254407476
1254423995
1254437842
1254484551
1254936637
1254980116
1255059525
1255244860
1255300756
1255413204
1255652809
1255733464
1255833800
1255922415
1256133564
1256306443
1256492882
1256534601
1257123968
1257355619
1257404225
1257503859
1257760918
1257840660
1258228061
1258259617
1258291198
1258291199
1258291200
1258291201
1258341004
1258374189
1258413630
1258689454
1258998646
1259020901
1259062223
1259393519
1259511221
1260127174
1260226370
1260255367
1260660357
1260731524
1260764045
1260771213
1261137172
1261186175
1261436155
1261470345
1261966741
1262078628
1262252727
1262331250
1262381650
1262454952
1262463922
1262483055
1262485503
1262485504
1262567648
1262641059
1262878373
1263203400
1263305080
1263524138
1263688107
1264016353
1264146325
1264471703
1264535016
1264856835
1264913913
1264950981
1265006052
1265097794
1265171790
1265538303
1265543671
1265819138
1266258812
1266679806
1266679807
1266679808
1266679809
1266717005
1266786747
1266938130
1267178867
1267245374
1267543493
1267571801
1267919556
1268070193
1268450994
1268454905
1268559870
1268560793
1268823799
1268830192
1269579851
1269756179
1269800250
1269911294
1270085850
1270812499
1270872254
1270874111
1270874112
1270945711
1271121707
1271166961
1271631719
1271722749
1271977699
1272038212
1272101724
1272469729
1272621433
1272970802
1273243761
1273360114
1273512388
1273979495
1273996441
1274192790
1274396517
1274712178
1274899124
1274955672
1275068414
1275068415
1275068416
1275068417
1275350138
1275523143
1275588178
1275788893
1275936992
1275977106
1276373461
1276384962
1276430409
1276544197
1276699947
1276829942
1277565905
1278002830
1278249937
1278354230
1278869141
1278982424
1279141164
1279262719
1279262720
1279436733
1280138019
1280622023
1280751397
1280759721
1281106225
1281367370
1281453889
1281875868
1281941806
1282087105
1282112684
1282121392
1282290088
1282340489
1282552560
1282679460
1283262416
1283357415
1283457022
1283457023
1283457024
1283457025
1283827442
1284396512
1284623601
1284676141
1284887702
1285059176
1285369585
1285531009
1285701391
1286308774
1286973783
1287122647
1287263299
1287416730
1287651327
1287651328
1287785589
1287834327
1287864843
1288114505
1288155593
1288240257
1288322189
1288452963
1288739295
1288866190
1289106706
1289279004
1289577924
1290204346
1290371962
1290772164
1290819286
1290838666
1291002449
1291048667
1291100722
1291239889
1291291093
1291537176
1291745323
1291782997
1291845630
1291845631
1291845632
1291845633
1291851046
1291898921
1291937579
1291994350
1292118289
1292341383
1292427828
1292560843
1292864970
1292887294
1293035557
1293624642
1293678660
1293695001
1293698863
1294170906
1294336169
1294358386
1294595339
1294753214
1294788989
1294871186
1294987406
1295273202
1295428377
1295651834
1296039935
1296039936
1296185556
1296299130
1297169695
1297219048
1297568991
1297603434
1297619470
1298156039
1298163739
1298250212
1298384737
1298604163
1298692687
1298699036
1298781132
1298915878
1299685920
1300154814
1300234238
1300234239
1300234240
1300234241
1300320892
1300348298
1300859979
1301361681
1301568087
1301607097
1301730478
1302130409
1302579337
1302753108
1303166890
1303221601
1303348200
1303382787
1303446580
1303819114
1303862131
1303877917
1304054520
1304399774
1304428543
1304428544
1304511894
1304613095
1305333838
1305705613
1305941124
1306121195
1306566238
1306828621
1307190997
1307211266
1307584164
1308005536
1308032948
1308257697
1308270715
1308622846
1308622847
1308622848
1308622849
1308624032
1308733246
1308763455
1308802613
1308991346
1309631541
1309830980
1310008998
1310019373
1310019960
1310698749
1310964582
1311263121
1311429704
1311461992
1311517641
1311741685
1311909630
1311975691
1312127592
1312130727
1312238020
1312515944
1312817151
1312817152
1312852623
1312962537
1312982491
1313026262
1313150609
1313479129
1313581357
1313678877
1313684436
1313735486
1314041440
1314327223
1314561846
1314722685
1314877149
1315102539
1315232088
1315351895
1315602187
1316183224
1316244641
1316393679
1316560440
1317011454
1317011455
1317011456
1317011457
1317039784
1317136241
1317450551
1317463460
1317593973
1317773327
1317965927
1318338556
1318614859
1318677031
1318869772
1319497597
1319615574
1319691368
1320238660
1320445356
1320629147
1321205759
1321205760
1321268110
1321334902
1321394603
1321587695
1321592127
1321990611
1322447617
1322541199
1322577013
1323475617
1323491678
1323676021
1324183745
1324223266
1324825251
1324860241
1325045303
1325102057
1325241173
1325364258
1325400062
1325400063
1325400064
1325400065
1325805150
1325967647
1326153258
1326269411
1326389888
1327101578
1327172197
1327269226
1327933963
1327940357
1328104228
1328118988
1328182849
1328351755
1328375952
1328412936
1328560582
1329099184
1329591125
1329594367
1329594368
1329610816
1329901500
1330020847
1330040144
1330517539
1330873187
1330992780
1331143612
1331511634
1331550735
1331561092
1331827556
1331885626
1332004185
1332071350
1332140965
1332357662
1332822647
1332824366
1333381409
1333481048
1333680045
1333697598
1333788670
1333788671
1333788672
1333788673
1335270453
1335529109
1335559513
1335851496
1335875793
1335890174
1336111399
1336622642
1336807313
1337008795
1337044268
1337127209
1337292464
1337341801
1337529735
1337837875
1337982975
1337982976
1338067527
1338117295
1338246328
1338290216
1338318192
1338944056
1339129860
1339239062
1340063367
1340384985
1340561908
1340871685
1340883948
1341061658
1341127039
1341203754
1341470466
1341663892
1342165719
1342177278
1342177279
1342177280
1342177281
1342232485
1342360150
1342362620
1342373875
1342527425
1342978623
1343419242
1343741063
1344034957
1344135035
1344325309
1344947642
1345250870
1345315840
1345394811
1345747161
1345871771
1345881032
1346099632
1346371583
1346371584
1346550268
1346655393
1346807552
1347291974
1347385557
1347839830
1348298960
1348390222
1348427309
1348443508
1348624066
1348650024
1348693487
1349140779
1349642163
1349758786
1349822193
1350216145
1350288847
1350292286
1350521121
1350565886
1350565887
1350565888
1350565889
1351078912
1351255331
1351653233
1351886965
1351929531
1352241942
1352350152
1352496460
1352560444
1352608044
1352757428
1352874331
1353353277
1353480139
1353654816
1353767626
1353857932
1353893891
1354083171
1354248690
1354400937
1354760191
1354760192
1354881512
1355020885
1355152918
1355404170
1355542309
1355738808
1355858568
1355864104
1355921285
1356657125
1356690476
1357045565
1357222227
1357223173
1357309789
1357417865
1357477635
1357643384
1358006795
1358048746
1358101269
1358414145
1358603748
1358781487
1358784176
1358847910
1358954494
1358954495
1358954496
1358954497
1359225985
1359302744
1359360649
1359425849
1359516534
1359612260
1359925423
1360311818
1360758972
1360774625
1360882479
1361564205
1361611811
1361638349
1361643965
1361742320
1362080870
1362413787
1362510643
1362681397
1362839039
1363142354
1363148799
1363148800
1363242840
1363275899
1363557366
1363781991
1364192498
1364355376
1364517293
1365207354
1365864342
1365957593
1365992048
1366104244
1366283131
1366392283
1366407158
1366622836
1366714561
1367319687
1367343102
1367343103
1367343104
1367343105
1367357529
1367476297
1367596382
1367996037
1368123890
1368281714
1368519506
1368542394
1368954667
1369263754
1369315435
1369476941
1369563459
1369587978
1369640968
1369691830
1369860075
1369997214
1370099525
1370303489
1370351501
1370588234
1370870196
1371346371
1371398795
1371426221
1371537407
1371537408
1372373370
1372426825
1372803953
1372808484
1372954347
1373443168
1373826846
1373916794
1374071254
1374357989
1374468487
1375088924
1375240271
1375339232
1375404939
1375575787
1375731710
1375731711
1375731712
1375731713
1375753938
1375778681
1375811661
1375825254
1376002968
1376234627
1376412361
1376941410
1377665528
1377970536
1378683822
1378921601
1379015814
1379182514
1379219240
1379265096
1379389405
1379694363
1379888294
1379926015
1379926016
1380082747
1380135345
1380476741
1380516249
1380553681
1380739072
1381331889
1381931367
1382660798
1382774302
1383123207
1383252388
1383459413
1383763583
1383910195
1384120318
1384120319
1384120320
1384120321
1384186674
1384352354
1384493938
1384627533
1385165857
1385249064
1385252826
1385420387
1385519241
1386147439
1386268352
1386515176
1387516525
1387603330
1387771374
1388055198
1388314623
1388314624
1388364641
1388513657
1389152165
1390311509
1390328230
1390362646
1390742462
1390952779
1391641474
1391641973
1391806539
1392240126
1392296841
1392508926
1392508927
1392508928
1392508929
1392977566
1393049256
1393170403
1393247186
1393465229
1393585310
1393717949
1393949650
1394026094
1394306095
1394389484
1394474386
1394598273
1394694641
1394899260
1394913847
1395340521
1396047594
1396103127
1396215411
1396346499
1396703231
1396703232
1397435335
1397663373
1397708907
1397769742
1398166475
1398213849
1398310573
1398477111
1398692854
1398712349
1398910280
1399091569
1399138570
1399374766
1400112586
1400126106
1400202159
1400897534
1400897535
1400897536
1400897537
1400915480
1401209508
1401401646
1401493654
1401752990
1401780273
1401787149
1402740610
1403003249
1403273052
1403429169
1403452378
1403542624
1403973262
1404388611
1404566758
1404632874
1404642820
1405091839
1405091840
1405263066
1405515691
1405598619
1406505730
1406547651
1406812708
1406943379
1406983026
1407044140
1407051886
1407283205
1407586942
1407695933
1407696698
1407840620
1408113895
1408246602
1408532914
1408705990
1408738922
1408846229
1408863427
1408868710
1409113129
1409203079
1409286142
1409286143
1409286144
1409286145
1409293455
1409461845
1410074129
1410097449
1410353048
1410745060
1411641159
1411783421
1411877094
1411981885
1412415812
1412854333
1413032940
1413177607
1413329175
1413480447
1413480448
1413619323
1413693405
1413916578
1413926841
1413991000
1414075467
1414282699
1414323216
1414342265
1414705937
1414998558
1415034633
1415661318
1415686203
1416035096
1416249319
1416511783
1416736419
1417141271
1417191972
1417553003
1417556764
1417674750
1417674751
1417674752
1417674753
1417772827
1417774741
1417921448
1419172589
1419652219
1419790504
1419886734
1420033394
1420199099
1420506948
1420641861
1421012092
1421419356
1421789524
1421869055
1421869056
1421946214
1422286943
1422387172
1422499559
1422675088
1422865930
1423002232
1423002770
1423022427
1423110385
1423219528
1423507540
1423563227
1423956269
1424009829
1424021474
1424145121
1424394901
1424464808
1424571573
1424741776
1424811865
1425322223
1425705018
1426063358
1426063359
1426063360
1426063361
1426528757
1426789923
1426811458
1426825530
1426923883
1427026135
1427374977
1427549761
1427641135
1427810754
1427850152
1427864992
1428132861
1428979311
1429045071
1429564521
1429768581
1430133813
1430257663
1430257664
1430717321
1431191906
1431364042
1431518122
1431658020
1431895647
1432058094
1432213169
1432323312
1432433972
1432815635
1432902580
1433073814
1433115730
1433622996
1433828990
1433875566
1433941432
1433997179
1434086527
1434130417
1434308236
1434451966
1434451967
1434451968
1434451969
1434549799
1434889333
1435058004
1435119842
1435469657
1435487215
1435896642
1436245205
1436469929
1436515086
1437234673
1437464221
1437713779
1438084570
1438251164
1438253237
1438408316
1438594271
1438646271
1438646272
1438683209
1438806820
1439003920
1439114407
1439386124
1439942867
1440124525
1440216233
1440267178
1440749435
1441005258
1441183164
1441329911
1441393409
1442059818
1442840574
1442840575
1442840576
1442840577
1443982990
1444667561
1444749724
1444758972
1444993511
1445000438
1445137576
1445411230
1445448251
1445517184
1445611277
1446145743
1446440568
1446442019
1446580025
1446733506
1446760771
1446940975
1447034879
1447034880
1447069579
1447365281
1447486214
1447604605
1447669787
1448687130
1448953597
1448964547
1448999297
1449055705
1449222412
1449464116
1449690264
1450026961
1450028053
1450055338
1451229182
1451229183
1451229184
1451229185
1451615179
1451669052
1452208231
1452510928
1452537161
1452619092
1452985717
1453214488
1453339716
1453384738
1453502416
1453528372
1453770105
1453810815
1453855795
1453984385
1454124097
1454141992
1454264315
1454596949
1454759856
1454785141
1454857433
1455032041
1455344953
1455423487
1455423488
1455806431
1455839868
1456526483
1456650268
1456730845
1457448861
1458086932
1458148987
1458162679
1458411647
1458608324
1458796863
1458886554
1458925301
1459073637
1459125629
1459155764
1459611184
1459617790
1459617791
1459617792
1459617793
1459655378
1459750134
1460076415
1460270061
1460295985
1460669803
1461528949
1461874856
1462018504
1462138748
1462195711
1462423464
1462682135
1462707925
1462914134
1463008020
1463173125
1463640720
1463694948
1463709643
1463810863
1463812095
1463812096
1463874469
1464287061
1464663495
1464980660
1465036533
1465112785
1465456035
1465516750
1465714410
1465816331
1465915729
1466384704
1466426079
1466491355
1466674731
1466970560
1467231599
1467330600
1467678269
1467899752
1468006398
1468006399
1468006400
1468006401
1468077641
1468178751
1468384533
1468581151
1468806550
1469348063
1469548021
1469680654
1469940788
1470530660
1471034539
1471326341
1471681194
1472200703
1472200704
1472365555
1472462920
1472494345
1473052674
1473151486
1473255804
1473362349
1473399843
1473486486
1473660591
1473713442
1474045556
1474092140
1474106467
1474201638
1474382332
1474971237
1475267943
1475302588
1475473853
1476030225
1476146713
1476170171
1476395006
1476395007
1476395008
1476395009
1476522005
1476802091
1477926904
1478005277
1478496837
1478880522
1478951584
1479070328
1479089087
1479312954
1480212487
1480413082
1480418272
1480438351
1480589311
1480589312
1480842881
1480913493
1481403213
1481487796
1481688242
1481944929
1481991684
1482208116
1482262725
1482603814
1482861175
1483253681
1483353511
1483814917
1483851989
1484108905
1484307200
1484513941
1484783614
1484783615
1484783616
1484783617
1484873994
1484993204
1485041338
1485089233
1485098631
1485924222
1485953362
1485987766
1486037570
1486047357
1486248186
1486428401
1486551739
1486678513
1486708332
1486715329
1486818571
1486836237
1487626688
1487797351
1487799280
1487865995
1488667622
1488916196
1488950663
1488977919
1488977920
1489457856
1489717700
1490088238
1490276603
1491523362
1491684155
1491712537
1491952413
1492286239
1492612236
1492699107
1492709371
1492844882
1492896478
1493172222
1493172223
1493172224
1493172225
1493537226
1494322603
1494420919
1494756768
1495058873
1495725601
1496001015
1496397271
1496792217
1496798085
1496842427
1497047992
1497107449
1497154627
1497313564
1497366527
1497366528
1497407024
1497724135
1497819314
1498082297
1498174129
1498187928
1498388795
1498859939
1499081750
1499111640
1499214598
1499636176
1499776811
1499865713
1500150900
1500402927
1500621089
1500880526
1501159732
1501209500
1501399855
1501443044
1501560830
1501560831
1501560832
1501560833
1501958365
1502052653
1502563421
1502601379
1502812544
1502881746
1502885185
1503503179
1503533610
1503627310
1503639664
1504060861
1504277360
1504713427
1504788541
1504989789
1505141592
1505755135
1505755136
1505875212
1506075578
1506275468
1506384391
1506411482
1506526015
1506718399
1507665127
1507667708
1507683371
1507756438
1507819446
1507819475
1507870180
1508415961
1508577113
1508799418
1508964696
1508971149
1508992824
1509001187
1509075489
1509281252
1509374361
1509377592
1509646059
1509949438
1509949439
1509949440
1509949441
1510353345
1510779622
1510936778
1511105767
1511145282
1511309214
1511326482
1511445162
1511536691
1511740312
1511889025
1512282733
1512324047
1512352446
1512486881
1512625028
1512676388
1513200445
1513214707
1513582793
1513595034
1514073449
1514078366
1514143743
1514143744
1514393413
1514457672
1514680423
1514953531
1515086526
1515247584
1515344207
1515556581
1515724697
1515875975
1516303195
1516724098
1517803934
1518275759
1518315824
1518338046
1518338047
1518338048
1518338049
1518698184
1518771940
1518813491
1518871929
1518880833
1518889386
1518929877
1519041807
1519048843
1519608557
1519731795
1520309601
1520379451
1520686919
1520749659
1520899511
1521102763
1521150077
1521214014
1521312090
1521370435
1521389737
1521514943
1521616392
1521779574
1521787121
1521830266
1522208866
1522532351
1522532352
1523024110
1523132010
1523287568
1523321047
1523575674
1523630710
1523656652
1523903004
1524286416
1524328474
1524420664
1524559841
1524901712
1525142663
1525581828
1525649332
1526111751
1526707272
1526726654
1526726655
1526726656
1526726657
1527192279
1527193084
1527393423
1527582391
1527839080
1527864874
1528136564
1528665115
1528826786
1528831860
1529105985
1529161843
1529169567
1529179992
1529727683
1529744652
1529954505
1530237737
1530285738
1530287442
1530518619
1530920959
1530920960
1530947153
1531105652
1531510605
1531527465
1531918483
1532423751
1532431493
1532634465
1532677027
1532783206
1533033058
1533038423
1533047715
1533451011
1533608321
1533617936
1533818377
1534233984
1534332522
1534368142
1534482628
1534505826
1534555845
1534686933
1534803966
1534877637
1535115262
1535115263
1535115264
1535115265
1535139954
1535275148
1535339689
1535469528
1535503859
1536061238
1536064217
1536285696
1536519318
1536812570
1537231843
1537460995
1537487874
1537492611
1537977068
1538032602
1538182590
1538195143
1538473942
1538911761
1539077430
1539260724
1539309567
1539309568
1539733834
1539756403
1539946703
1539986173
1540008261
1540242595
1541031882
1541093382
1542076098
1542271286
1542474406
1542696185
1543184337
1543461959
1543503870
1543503871
1543503872
1543503873
1543692746
1544028320
1544149916
1544220583
1544821308
1544824156
1544898570
1545055178
1545136227
1545348178
1545549332
1545556367
1545787962
1545809572
1545836330
1545900729
1545990815
1545991915
1546024274
1546164067
1546510463
1546901817
1547199747
1547254588
1547380544
1547528255
1547698175
1547698176
1547721729
1547832853
1547852747
1548487962
1548634559
1549215988
1549277047
1549382729
1549434504
1549449236
1549666182
1549964864
1550410514
1550832429
1550839808
1550872237
1550959104
1551023698
1551063696
1551579743
1551892478
1551892479
1551892480
1551892481
1552041262
1552697827
1553005153
1553246183
1553260171
1553392340
1553927967
1553936813
1553963907
1554281903
1554345640
1554912488
1555008199
1555338172
1555343314
1555885611
1555961335
1556086783
1556086784
1556254065
1556449201
1556806163
1557477199
1557717770
1557750592
1557924800
1557964870
1557969606
1558003412
1558270213
1558305237
1558315978
1558412588
1558806564
1559061318
1559462831
1559714368
1560056933
1560179527
1560281086
1560281087
1560281088
1560281089
1560346444
1560535398
1560580717
1560606082
1560963979
1561030014
1561101892
1561465546
1561528464
1561702026
1561860109
1561997578
1562017143
1562603117
1562951531
1562990132
1563034246
1563399456
1563630650
1563784987
1563901237
1563984501
1564061023
1564084102
1564170586
1564475391
1564475392
1564999287
1565086695
1565371730
1565387032
1565647450
1566153772
1566823785
1566850196
1566964475
1567161905
1567268890
1567424638
1567434919
1567662979
1567842856
1568246971
1568310003
1568669694
1568669695
1568669696
1568669697
1569061072
1569247474
1569580565
1569769439
1569967846
1569986945
1570335334
1570579055
1570806718
1571566596
1571637789
1572168553
1572362329
1572432052
1572505527
1572522801
1572863999
1572864000
1572924411
1573683911
1573751787
1573784050
1573836065
1574234654
1574411133
1574480827
1574572436
1574966709
1575088500
1575275012
1575344754
1575382201
1575420642
1575996409
1576247429
1576753111
1577058302
1577058303
1577058304
1577058305
1577201497
1577255584
1577669693
1577807153
1578016790
1578123434
1578336890
1578344791
1578346461
1578368433
1578371195
1578702146
1578846676
1578936227
1579797104
1579825530
1580007380
1580295091
1580356613
1580504574
1580763286
1580794639
1580945662
1581172485
1581252607
1581252608
1581297133
1581390305
1581481071
1581510427
1582170705
1582258721
1582454076
1582981206
1583029085
1583079314
1583475348
1583639419
1583798842
1584092882
1584422424
1584678693
1585194131
1585446910
1585446911
1585446912
1585446913
1585751276
1585798326
1585852103
1586220430
1586603707
1586857691
1586993701
1587056658
1587160367
1587226363
1587256086
1587990596
1588507653
1588550858
1588671721
1588847793
1588875690
1588911135
1589224735
1589641215
1589641216
1589946107
1590013699
1590022588
1590116762
1590145286
1590222661
1590284175
1590434857
1590436306
1590464886
1591246311
1591258439
1591820327
1592048701
1592075880
1592427815
1592972839
1593461512
1593835518
1593835519
1593835520
1593835521
1594000268
1594121801
1594214702
1594495033
1594502799
1594670571
1594685816
1594694811
1594751894
1595050844
1595069307
1595397134
1595502662
1595682983
1595812538
1595830476
1596611391
1596658135
1596702263
1596751271
1597775142
1598029823
1598029824
1598093296
1598672370
1598686842
1598809482
1598930384
1598956994
1598972815
1598990565
1599017407
1599167697
1599256244
1599459429
1599516181
1599533876
1599687512
1599715106
1599806514
1599809235
1599848927
1600127258
1600498580
1600755269
1600916372
1601029311
1601269969
1601662700
1602175749
1602224126
1602224127
1602224128
1602224129
1602725962
1602941521
1603146159
1603298148
1603342303
1603404733
1603561371
1603646700
1604094156
1604099016
1604167358
1604260634
1604431602
1604606604
1604675137
1604700057
1604867295
1604920482
1604980575
1605018341
1605184768
1605195935
1605336079
1605339481
1605374481
1605496233
1606003402
1606262180
1606365481
1606418431
1606418432
1606678758
1606871728
1606919712
1606928418
1607239884
1607246205
1607330709
1607719973
1607735888
1607853434
1608141064
1608228837
1608230611
1608381882
1608718199
1608993756
1609005656
1609057004
1609528320
1609844024
1609996726
1610602886
1610612734
1610612735
1610612736
1610612737
1611033512
1611987756
1612100055
1612108608
1612553879
1612594837
1612763351
1612859033
1612916041
1612946324
1613055117
1613197485
1613305928
1613458510
1613490625
1613630527
1614807039
1614807040
1614894478
1615059625
1615094643
1616102276
1616108961
1616439347
1616712980
1616831070
1617496338
1617629885
1617704128
1618078388
1618097759
1618748662
1618805347
1619001342
1619001343
1619001344
1619001345
1619569638
1619656011
1620086405
1620397012
1620754133
1621402059
1621534014
1621639878
1622221588
1622295897
1622341029
1622345429
1622645642
1622654652
1622699494
1623115784
1623173171
1623195647
1623195648
1623243906
1623348135
1623651848
1623674576
1623715516
1623893716
1623974890
1624126945
1624463787
1624624667
1624852672
1624925440
1624932138
1625033046
1625054699
1625085183
1625172468
1625181664
1625184171
1625532870
1625538225
1626200385
1626775254
1626868351
1627389950
1627389951
1627389952
1627389953
1627651876
1628187938
1628838001
1629006623
1629093691
1629192614
1629258901
1630074623
1630378079
1630461301
1630508311
1631018689
1631182436
1631427746
1631584255
1631584256
1631823598
1632017092
1632793265
1633163835
1633325775
1633372660
1633432072
1633477625
1633508386
1633571947
1633886859
1634132867
1634199786
1634519944
1634569545
1634736851
1634962531
1635778558
1635778559
1635778560
1635778561
1636034428
1636042095
1636202475
1636209071
1636209468
1636214375
1636672134
1636764271
1636906083
1637471963
1638074309
1638476436
1638751860
1638958201
1639089365
1639126411
1639231298
1639433047
1639498335
1639972863
1639972864
1640129487
1640602023
1640873601
1640970636
1641164196
1641469235
1641638518
1642171205
1642187197
1642323861
1642376173
1642581968
1642711661
1642788197
1643079191
1643108012
1643254779
1643401981
1643983622
1643999345
1644003407
1644167166
1644167167
1644167168
1644167169
1644179848
1644246393
1644692177
1644882700
1644945816
1645158276
1645285865
1645319739
1645541923
1645726394
1646201276
1646319529
1646362930
1646621328
1646903284
1646927687
1646968264
1647067823
1647242141
1647385286
1647570440
1647705168
1647794734
1647796777
1648361471
1648361472
1649394043
1649501924
1649561350
1649571946
1649672101
1649672449
1649924960
1649944635
1650044264
1650176851
1650840974
1650870785
1651019020
1651379138
1651775683
1651900608
1652031249
1652183518
1652229264
1652329893
1652385451
1652555774
1652555775
1652555776
1652555777
1652617405
1652895515
1652941718
1652994939
1653497233
1653502495
1653959881
1654189948
1654405582
1654412292
1654618268
1655188311
1655211057
1655557741
1655814943
1656644518
1656750079
1656750080
1657085445
1657094725
1657251494
1657600044
1657630203
1657764515
1657783630
1657918710
1657928162
1658162295
1658169091
1658429067
1658447865
1658919485
1659101386
1659125470
1659601459
1659774655
1659775983
1659789025
1660001284
1660279990
1660494829
1660786792
1660853886
1660944382
1660944383
1660944384
1660944385
1661078841
1661240946
1661250118
1661680312
1661874317
1661913446
1661954850
1662141232
1662333651
1662838495
1663206145
1663572684
1663944122
1664028269
1664180732
1664256392
1664557424
1664702636
1665138687
1665138688
1665324144
1665367418
1665595086
1665649773
1665907286
1666171974
1666679206
1666894614
1666917507
1667299475
1667386948
1667677724
1667756443
1668112318
1668226500
1668327235
1668414352
1668472788
1668827915
1669283004
1669332990
1669332991
1669332992
1669332993
1669487805
1669670764
1669841672
1670309402
1670558349
1671270933
1671943420
1671963163
1672018511
1672027564
1672156556
1672288765
1672449869
1672718018
1672885036
1672896150
1672954333
1673020465
1673133248
1673289190
1673336681
1673498712
1673527295
1673527296
1673533559
1674269828
1674271749
1674558003
1674583358
1674705867
1674729227
1674857446
1675096422
1675269560
1675568904
1675686013
1676012165
1676023893
1676946507
1677145115
1677264200
1677332317
1677335472
1677401319
1677515802
1677721598
1677721599
1677721600
1677721601
1678243235
1678373398
1678443136
1678464784
1678606348
1678680509
1678776164
1678897381
1679129398
1679271431
1679457949
1679683562
1680024858
1680557222
1680625680
1680721470
1681118288
1681449386
1681465687
1681679767
1681754089
1681764108
1681906069
1681915903
1681915904
1682154741
1682232934
1682252992
1682383881
1682532688
1682657530
1682771798
1683320935
1683426019
1683498464
1683686855
1683819296
1683887913
1684066403
1684073471
1684183044
1684247159
1684274137
1684547975
1684576660
1685227942
1685473599
1685561060
1685753488
1686066950
1686110206
1686110207
1686110208
1686110209
1686309099
1686475754
1686527236
1686686858
1686731348
1687097333
1687211481
1687425369
1687432101
1687532112
1687543279
1687687721
1687816492
1687842486
1687950462
1688384189
1688389895
1688570061
1688778884
1688838281
1688934977
1689141558
1689223136
1689372026
1689455478
1689936282
1690304511
1690304512
1690789645
1691234055
1691321507
1691638606
1691844794
1692330784
1692530351
1692710860
1692889334
1693145890
1693163191
1693194831
1693343460
1693397047
1693468211
1693654772
1693685858
1694241399
1694250101
1694489741
1694498814
1694498815
1694498816
1694498817
1694799781
1695034122
1695181559
1695438112
1695658940
1696078775
1696189606
1696193384
1696650983
1696694300
1696697813
1696890448
1696896712
1697225225
1697253155
1697706683
1697746025
1698508844
1698599132
1698690617
1698693119
1698693120
1698694279
1698902116
1699147276
1699500745
1700213860
1700290044
1700297546
1700926660
1700966340
1701140771
1701636492
1701717122
1702067740
1702070266
1702107987
1702312618
1702319601
1702629858
1702887422
1702887423
1702887424
1702887425
1703149588
1703222711
1703434203
1703621881
1703671538
1703879506
1704087059
1704979693
1704996366
1705053727
1705316401
1706181199
1706226986
1706546654
1706615545
1706948037
1707081727
1707081728
1707257200
1707604852
1707785362
1707940906
1708448926
1708491475
1708638874
1708761494
1708792585
1709180960
1709952171
1710359627
1710376451
1710501389
1710623424
1710845048
1711098113
1711276030
1711276031
1711276032
1711276033
1711363700
1711587720
1711614700
1711792232
1711892056
1711977187
1712038258
1712073472
1712505729
1713064833
1713349274
1713685190
1713945298
1714237560
1714244838
1714252671
1714787094
1715470335
1715470336
1715761618
1716413530
1716425284
1716561874
1716765735
1716859981
1717009107
1717179173
1718116230
1718544735
1719079114
1719099099
1719142805
1719454826
1719474383
1719490628
1719518304
1719654299
1719664638
1719664639
1719664640
1719664641
1719755516
1719781266
1719898623
1720159779
1720364759
1720969002
1721051600
1721160253
1721825031
1721897342
1721901457
1722118226
1722186345
1722437805
1722502633
1722696283
1722921228
1723041753
1723144301
1723551090
1723734094
1723812355
1723827136
1723858943
1723858944
1724006503
1724042407
1724122982
1724248198
1724267225
1724374162
1724625659
1724792794
1724936696
1724948347
1724978182
1725078137
1725161503
1725342217
1725377524
1725964666
1726068527
1726113529
1726327512
1726632205
1727047643
1727239718
1727671766
1727710924
1727823256
1727918708
1728053246
1728053247
1728053248
1728053249
1728192789
1728685598
1728918333
1729078666
1729130018
1729275877
1729622564
1729852453
1730030989
1730281803
1730418424
1730735435
1730791161
1731043730
1731179196
1731385382
1731393594
1731572853
1731773845
1731820863
1732026764
1732051587
1732234943
1732247551
1732247552
1732309644
1732922729
1733012192
1733158135
1733355258
1733687198
1733744892
1733849825
1733908710
1734303458
1734481698
1734621403
1734849386
1734862859
1734874523
1734936227
1735102633
1735118483
1735181261
1735253167
1735446708
1735460799
1735652888
1735683356
1736098266
1736159119
1736200977
1736298866
1736441854
1736441855
1736441856
1736441857
1736777546
1736816120
1737317182
1737738129
1737765073
1737900578
1738588170
1738735838
1739086050
1739234388
1739649543
1739685160
1740142937
1740438347
1740472608
1740475698
1740544518
1740636159
1740636160
1740714442
1741042197
1741157506
1741402853
1741670378
1741734399
1741860363
1741913061
1741962173
1742100195
1742265958
1742321581
1742364064
1742984842
1742987681
1743264336
1743409098
1743608627
1743879660
1743949144
1743967730
1744249615
1744552114
1744830462
1744830463
1744830464
1744830465
1745136632
1745220181
1745401533
1745568852
1745612526
1745836974
1745864870
1745976808
1746025843
1746168850
1746439589
1746514077
1747258178
1747258968
1747305053
1747325038
1748084932
1748224334
1748247184
1748547620
1748667189
1748835859
1748966467
1749024767
1749024768
1749216067
1749246248
1749397952
1749465176
1749510361
1750046343
1750127629
1750271357
1750291474
1750659144
1750913013
1751536413
1751844943
1752060385
1752077304
1752524736
1753012455
1753136750
1753219070
1753219071
1753219072
1753219073
1753261158
1753311960
1754275148
1754309525
1754539888
1754642464
1754746800
1754754694
1754956479
1755312150
1755338163
1755489836
1755532295
1755562996
1755586408
1756252423
1756441665
1756569455
1756854413
1756922959
1756993604
1757164003
1757203358
1757400743
1757413375
1757413376
1757504106
1757551693
1757595791
1757813875
1758045179
1758227289
1758499475
1758890776
1758941707
1759210962
1759289836
1759799653
1759851434
1760087174
1760108230
1760205399
1760221730
1760278116
1760485740
1760860408
1760954957
1760973439
1761198422
1761296078
1761369392
1761529903
1761607678
1761607679
1761607680
1761607681
1762079691
1762369856
1762377138
1762385568
1762565865
1762745007
1763648939
1763867463
1763952139
1763972221
1764339986
1764505541
1764642590
1764865073
1765091585
1765152442
1765690370
1765801983
1765801984
1766176251
1766269132
1766302083
1766548437
1767119495
1767489074
1767534559
1767682213
1767737121
1767910747
1768184638
1768520519
1768741048
1768769397
1769133744
1769475755
1769727882
1769805160
1769848675
1769996286
1769996287
1769996288
1769996289
1770133297
1770500515
1770530856
1771004050
1771205139
1771464407
1771529641
1771609705
1771725287
1772352761
1772668987
1772673933
1772736847
1772818143
1773040864
1773110783
1773359481
1773359722
1773380548
1773381238
1773870635
1774190591
1774190592
1774212443
1774311062
1774415707
1774577803
1774637768
1775022127
1775325164
1775369391
1775658213
1775727644
1775735943
1775921467
1775983725
1776024192
1776205394
1776369602
1776417896
1776508470
1776523629
1776529121
1776548546
1776872072
1777329219
1778384894
1778384895
1778384896
1778384897
1778427466
1778592240
1778797514
1779179214
1779249538
1780069919
1780107655
1780403768
1781015917
1781033485
1781116598
1781689093
1781829975
1782137510
1782309358
1782440102
1782514342
1782579199
1782579200
1782582175
1782624661
1782692613
1783113214
1783607653
1783698615
1783801712
1783983469
1784164897
1784454515
1784505554
1784995035
1785129447
1785157474
1785290345
1785501208
1785581133
1785841773
1785854235
1785869404
1786464685
1786737875
1786773502
1786773503
1786773504
1786773505
1786886416
1786934494
1787162628
1787351181
1787402740
1787484402
1787620366
1787976092
1788162416
1788328689
1788880615
1788898798
1789390369
1789549084
1789607092
1789736593
1789810410
1789883929
1790202073
1790289107
1790418804
1790771439
1790948558
1790967807
1790967808
1791657003
1791727856
1791854567
1791915583
1792097054
1792293476
1792327426
1792866232
1792869065
1792976867
1793075599
1793259313
1793352171
1793439814
1793717992
1793764025
1793927189
1794574434
1794907578
1795015650
1795151449
1795162110
1795162111
1795162112
1795162113
1795511082
1795777832
1795997612
1796177234
1796603489
1796676530
1796705950
1796884760
1797390068
1797543500
1797650522
1798372277
1798509387
1798726034
1798781437
1798808018
1798856765
1798906046
1798993543
1799123740
1799127984
1799356415
1799356416
1799698465
1799935397
1800080813
1800178920
1800441513
1801166728
1801540584
1801566568
1801661452
1801931990
1802136935
1802162254
1802195164
1803386541
1803390842
1803416727
1803550718
1803550719
1803550720
1803550721
1803590203
1803761498
1803829986
1803897318
1804552467
1804736313
1805288714
1805641099
1806542864
1806580373
1806720093
1806944470
1807184505
1807300580
1807745023
1807745024
1807745681
1807989772
1808261553
1808377488
1808533043
1808559024
1808756485
1809120180
1809175681
1809282348
1809389112
1809449012
1809563329
1809578994
1809680865
1810046340
1810233974
1810252325
1810431875
1810547649
1810693013
1810706409
1811156600
1811201363
1811213430
1811258112
1811394445
1811413458
1811513097
1811617885
1811633891
1811939326
1811939327
1811939328
1811939329
1812196641
1812429702
1812491609
1812712629
1812987306
1813065392
1813193521
1813222781
1813243975
1813289870
1813768372
1813893338
1813926205
1814074147
1814327720
1814828080
1814998325
1815005833
1815293670
1815613446
1815700271
1815798653
1815900220
1816089803
1816133631
1816133632
1816237701
1816675571
1816881451
1816924364
1817362936
1817424037
1817807821
1817863949
1818003828
1818111361
1819356827
1819585219
1819847092
1819858488
1819874027
1820052063
1820327934
1820327935
1820327936
1820327937
1820566596
1820909126
1821030880
1821080991
1821346441
1821894755
1821904531
1821946277
1822597236
1822615681
1822792354
1822797004
1822933124
1823733943
1823735133
1823804987
1823894029
1824068263
1824406447
1824432051
1824522239
1824522240
1824783235
1825055588
1825061023
1825212939
1825348031
1825394561
1825410320
1825743237
1825828301
1826387185
1826460573
1827048260
1827151265
1827178808
1827278947
1828039398
1828068075
1828379628
1828384336
1828535443
1828566972
1828631931
1828639258
1828716542
1828716543
1828716544
1828716545
1828748710
1828832780
1829005680
1829138838
1829551897
1829992807
1830075736
1831037935
1831797262
1831831655
1832124503
1832291211
1832733106
1832861891
1832910847
1832910848
1832937579
1832957711
1833394464
1833632279
1833728554
1833730024
1833756607
1834314499
1834391356
1834460476
1834625057
1834651609
1835584663
1835763526
1835795051
1835804051
1835828447
1835841704
1835933240
1836057785
1836412390
1836673013
1837010113
1837105150
1837105151
1837105152
1837105153
1837215984
1838316794
1838462997
1838894577
1838925328
1839372417
1839769804
1839773964
1840254693
1840458940
1840508558
1840517148
1840523000
1840524769
1841174872
1841299455
1841299456
1841588226
1841815877
1842083086
1842381499
1843108420
1843133968
1843182129
1843372578
1843408148
1844059808
1844237432
1844968539
1845079187
1845080439
1845259860
1845289211
1845306072
1845345593
1845493758
1845493759
1845493760
1845493761
1845756834
1846006501
1846254196
1846351589
1846399963
1846423654
1847097101
1847122280
1847170073
1847218812
1847234522
1847350395
1847621575
1847645486
1847805191
1847860405
1848628509
1848884894
1848914928
1849146067
1849277674
1849462129
1849529345
1849688063
1849688064
1850612299
1850897214
1851082128
1851485306
1851613801
1851715361
1851752932
1851905370
1851980042
1852269142
1852315419
1853130772
1853294967
1853337128
1853882366
1853882367
1853882368
1853882369
1853958954
1854294680
1854457915
1855084542
1855112790
1855175732
1855492874
1855617472
1855865034
1856030413
1856132025
1856188881
1856391915
1856580316
1856597306
1856889011
1857156804
1857345211
1857665791
1857743843
1857842751
1858076671
1858076672
1858360565
1858668529
1858963475
1859086957
1859119225
1859679679
1859711695
1859804236
1859824750
1859915989
1860149347
1860537844
1861498918
1861653756
1861657985
1861691496
1861927134
1862096953
1862214993
1862270974
1862270975
1862270976
1862270977
1862290409
1862791783
1863322916
1863367531
1864440772
1864452937
1864511915
1864662394
1864774444
1864789281
1864829684
1865056768
1865480349
1865576326
1865643805
1865969864
1866263419
1866338293
1866389993
1866463559
1866465279
1866465280
1866638575
1866770676
1867011687
1867205913
1867401227
1867776273
1868022266
1868057402
1868141853
1868356338
1868358495
1868481430
1868824296
1869152565
1869164992
1870087881
1870185785
1870659582
1870659583
1870659584
1870659585
1870902103
1871214461
1871330790
1871531013
1871986310
1872013459
1872489045
1872654914
1873792569
1874041981
1874138651
1874219310
1874513456
1874853887
1874853888
1874875242
1875097042
1875153765
1875497565
1875640371
1875859381
1876163836
1876177995
1876345365
1876771689
1877238654
1877551991
1877564020
1877567118
1877694129
1877756791
1878170374
1878294995
1878366003
1878477599
1878516001
1878584270
1878763118
1879004632
1879048190
1879048191
1879048192
1879048193
1879153221
1879229269
1879295415
1879485016
1879560395
1879577600
1879664641
1880228531
1880413683
1880679572
1880734864
1880830920
1881115151
1881195780
1881628845
1882118239
1882162152
1882171100
1882264221
1882322405
1882392704
1883242495
1883242496
1883275734
1883449274
1883729938
1884007282
1884056835
1884100926
1884149696
1884451884
1885038872
1885062419
1885237400
1885313126
1885353883
1885467696
1885490309
1885495551
1885572106
1885723645
1885773769
1885995294
1886015786
1886048330
1886078952
1886205437
1886416855
1886990057
1886994799
1887051502
1887436798
1887436799
1887436800
1887436801
1887481328
1887517268
1887518170
1887656968
1888031202
1888045878
1888221458
1888279817
1888568502
1888791815
1889008626
1889122573
1889141212
1890137525
1890154329
1890279131
1890404269
1890444918
1890477727
1890651286
1890775820
1891631103
1891631104
1891835481
1892443474
1892521218
1892716087
1893183378
1893215743
1893246172
1893423419
1893429172
1893517467
1893575947
1893825926
1894029071
1894099647
1894254428
1894542710
1894640512
1894747984
1894849335
1895010607
1895162351
1895314425
1895369695
1895378378
1895502069
1895627948
1895825406
1895825407
1895825408
1895825409
1896278834
1896413721
1896818340
1896940018
1897037611
1897058351
1897228799
1897373480
1897390916
1897743561
1897957725
1898159444
1898183756
1898546357
1898653442
1898672947
1898730098
1898848241
1898975412
1899238927
1899246980
1899323391
1899330402
1899332577
1899361110
1899452532
1899780756
1900019711
1900019712
1900021124
1900060916
1900151168
1900654438
1900760174
1900848666
1901271535
1901330374
1901379953
1901493585
1901805107
1901854417
1901865681
1901877063
1902295521
1903399469
1903560015
1903616149
1903928028
1903997847
1904214014
1904214015
1904214016
1904214017
1904215280
1904631256
1904822421
1904897674
1904996408
1905541683
1905594295
1905637304
1905692505
1905757750
1905807905
1905853564
1905942468
1906082880
1906185564
1906544569
1906659393
1906892199
1907613894
1907764731
1908000328
1908399570
1908408319
1908408320
1908438886
1908457533
1908798369
1909081363
1909433871
1909469069
1909920371
1910537628
1910973353
1911102816
1911869029
1911900595
1912010243
1912161629
1912309600
1912373406
1912384856
1912518951
1912602622
1912602623
1912602624
1912602625
1912774857
1913783743
1914246619
1914288168
1914815897
1915219123
1915396639
1915517253
1915733923
1916168207
1916438641
1916678520
1916796927
1916796928
1916838610
1916978539
1917064053
1917094477
1917162616
1917400566
1917904493
1917989093
1918084397
1918255195
1918283781
1918383723
1918872592
1918920779
1919406931
1919602696
1919714236
1919756854
1919943923
1920023735
1920136221
1920299129
1920369335
1920492587
1920557670
1920577369
1920923131
1920991230
1920991231
1920991232
1920991233
1921839686
1922022587
1922198566
1922571828
1922727549
1922728129
1923832848
1923858824
1923863665
1924041214
1924147627
1924578976
1924608366
1924811218
1924844553
1924895277
1924945540
1925175366
1925181192
1925181733
1925185535
1925185536
1925408840
1925413668
1925543971
1925576142
1925601142
1925660171
1926067658
1926129400
1926155451
1926283579
1926772288
1927071920
1927083628
1927397439
1927556417
1927773532
1927901631
1927972967
1928183892
1928453085
1928743325
1929108215
1929255577
1929259929
1929379838
1929379839
1929379840
1929379841
1929424653
1930053682
1930171878
1930173157
1930488385
1930688830
1930695587
1930751548
1931033162
1931243616
1931687304
1931751706
1931878321
1931968073
1932303040
1932429819
1932824414
1932877188
1933265659
1933392879
1933574143
1933574144
1933650081
1933766946
1934029323
1934107249
1934109019
1934299635
1934579720
1934600320
1934625973
1934872840
1934924409
1935462869
1935517174
1935777095
1935941613
1936217249
1936870113
1936880501
1936978956
1937230915
1937343920
1937373901
1937398265
1937627371
1937712164
1937768446
1937768447
1937768448
1937768449
1937825705
1938493043
1938775928
1938942577
1938950614
1938989956
1939233718
1939360961
1939401719
1939449475
1939718508
1940050637
1940668417
1940755544
1940799487
1940890349
1940937416
1941145299
1941260800
1941302298
1941383230
1941542827
1941597691
1941625531
1941699110
1941909637
1941962751
1941962752
1942100617
1942325691
1942472320
1942521188
1943453678
1943836329
1943872666
1943911235
1944068528
1944312487
1944513023
1944638841
1944799634
1944928653
1944964498
1945041843
1945334745
1945343763
1945476505
1945654178
1945751585
1945795034
1946015102
1946098475
1946157054
1946157055
1946157056
1946157057
1946207253
1946319852
1946390517
1946848782
1946973822
1947008998
1947372551
1947407946
1947705486
1948506055
1949038742
1949149474
1949283134
1949328893
1949343891
1949571574
1949718426
1949779031
1949842694
1950069132
1950112756
1950179096
1950198040
1950218462
1950351359
1950351360
1950379422
1950430130
1950439395
1950927072
1951279141
1951336942
1951566617
1951635275
1951715544
1952810773
1953188214
1953250663
1953291175
1953753513
1953821257
1953943568
1954183479
1954184873
1954378167
1954545662
1954545663
1954545664
1954545665
1954848289
1954887862
1954909241
1955134800
1955285536
1955435467
1956087900
1956201046
1956282733
1956576202
1956836095
1957264730
1957277615
1957338889
1957527369
1957706931
1957742920
1957817418
1957898590
1958067959
1958073640
1958087834
1958246425
1958739967
1958739968
1958777970
1958802603
1959604601
1959646906
1959743229
1959951945
1960615939
1960740040
1961039237
1961536961
1961581611
1961588935
1961632974
1961675079
1961784775
1961882177
1962559017
1962812370
1962934270
1962934271
1962934272
1962934273
1963042080
1963315463
1964233352
1964234395
1964243879
1964463109
1964556701
1964967340
1965226936
1965492458
1965518169
1965855719
1966611511
1967128575
1967128576
1967187600
1967221045
1967474870
1967500076
1967627065
1967954154
1968205219
1968289596
1968366531
1968612666
1969098266
1969738768
1969791797
1970131282
1970168786
1970587336
1970930361
1970968018
1971322878
1971322879
1971322880
1971322881
1971635949
1971740290
1971758553
1971846843
1971931466
1971984133
1972357758
1972654506
1972726663
1972876618
1973097996
1973421241
1973545229
1973776982
1974743549
1975134160
1975300429
1975517183
1975517184
1975633478
1976090079
1976108921
1976179122
1976244174
1976876875
1977717550
1978406315
1978582147
1978673392
1978713901
1978889157
1979241890
1979624658
1979711486
1979711487
1979711488
1979711489
1980004268
1980097308
1980195379
1980308396
1980453878
1980493877
1980805520
1980805640
1981338374
1981476236
1982022205
1982188710
1982193683
1982539455
1983353107
1983497971
1983557185
1983869606
1983905791
1983905792
1984064992
1984479857
1984667223
1984679929
1984688132
1984779282
1985348188
1985773238
1985941040
1986432006
1986438795
1986904619
1987201733
1987279727
1987440915
1987676633
1987753644
1988024367
1988100094
1988100095
1988100096
1988100097
1988135117
1988192027
1988562750
1988606967
1988630858
1988735468
1988783517
1988889733
1988923116
1989298751
1989339147
1989415322
1989583166
1989583787
1989670406
1989958949
1990000379
1990603391
1990711445
1991464506
1992294399
1992294400
1992464916
1992523830
1992580801
1992586759
1992600019
1992618515
1992828121
1992849737
1992854922
1993018311
1993299127
1993524595
1993869297
1994459724
1994844707
1995266479
1995300125
1996114836
1996488702
1996488703
1996488704
1996488705
1997027599
1997123814
1997124078
1997659598
1997672795
1998145419
1998279528
1998395051
1998502697
1999024265
1999093656
1999116092
1999278615
1999279378
1999740665
1999767024
2000027384
2000385094
2000441444
2000614078
2000683007
2000683008
2000699636
2000798474
2001089873
2001170616
2001283670
2001445154
2001990170
2002531150
2002800980
2002980483
2003397970
2003523008
2003667969
2003716846
2003729735
2004191938
2004195232
2004626772
2004700873
2004877310
2004877311
2004877312
2004877313
2004882427
2004887337
2004973431
2005043776
2005172394
2005549427
2005604832
2006058748
2006467184
2006743007
2006955844
2007431062
2007531473
2007661528
2007845156
2008017809
2008047906
2008278861
2008347081
2008577206
2008631195
2008655520
2008767339
2008843840
2009071615
2009071616
2009401739
2009570419
2009802577
2010669775
2010878484
2011211834
2011233170
2011615438
2011650046
2011975410
2012517389
2012595866
2012693214
2013016642
2013103176
2013265918
2013265919
2013265920
2013265921
2013763172
2014078929
2014380822
2014405023
2014773766
2014792768
2014872663
2014899681
2015105246
2015415342
2015505410
2016006269
2016136758
2016465584
2016776979
2016823539
2016933372
2017100839
2017149791
2017418044
2017460223
2017460224
2017716709
2018057312
2018237195
2018376690
2018394219
2018777794
2018813015
2019115972
2020709983
2020889345
2021615527
2021654526
2021654527
2021654528
2021654529
2022090178
2022939076
2022940270
2022967495
2023325825
2023539895
2023540926
2023804005
2023909128
2023963658
2023967097
2024127008
2024202020
2024735351
2024752197
2024874492
2025000997
2025152924
2025159381
2025254556
2025410892
2025501830
2025782332
2025799890
2025848831
2025848832
2026077076
2026240368
2026263378
2026598302
2026664006
2026764187
2026810526
2026877248
2026910289
2027130411
2027311704
2027594200
2027794729
2027883617
2027919277
2028116590
2028204488
2028218485
2028234135
2028738006
2029226591
2029344871
2029603300
2029827062
2030043134
2030043135
2030043136
2030043137
2030430758
2030532749
2030806038
2031073998
2031278412
2031479099
2031857521
2032013887
2032300019
2033335894
2033564452
2033702230
2034029931
2034237439
2034237440
2034387840
2034749981
2034877766
2035351495
2036032904
2036152115
2036407412
2036608527
2037206709
2037215628
2037309938
2037459806
2037460793
2037575750
2037652836
2037960313
2038090089
2038294192
2038367361
2038406241
2038425259
2038431742
2038431743
2038431744
2038431745
2038487488
2038711689
2038742202
2038843143
2039057931
2039335520
2039478907
2039532896
2039814114
2039900612
2040092484
2040201082
2040254382
2040509301
2040969215
2041654581
2041699310
2042215952
2042337270
2042407609
2042626047
2042626048
2042811906
2043036080
2043191409
2043412082
2043461426
2043503028
2043591197
2043846415
2044443590
2044601987
2044695771
2044772102
2044804160
2044899516
2044993113
2045267613
2045485873
2045584236
2045844694
2045890229
2046246589
2046716481
2046786824
2046820350
2046820351
2046820352
2046820353
2047874783
2047876692
2048021642
2048411898
2048535837
2048617301
2048892859
2048929740
2048997317
2049523702
2049758108
2050468435
2051014655
2051014656
2051119725
2051235203
2051440534
2051587063
2051605688
2051867282
2052156557
2052272119
2052438498
2052600543
2052903998
2052973689
2053328008
2053485204
2053496957
2053878009
2053896856
2054073896
2054104542
2054397833
2054491607
2054622231
2054833412
2054845497
2054895803
2055162127
2055208958
2055208959
2055208960
2055208961
2055292272
2055319295
2055398738
2055519315
2055893791
2056159564
2056896671
2057050027
2057564989
2058062690
2058316204
2058356280
2058744513
2058751095
2058937275
2058950775
2059152540
2059403263
2059403264
2059510931
2060017688
2060247204
2060265699
2061254756
2061324352
2061619596
2061748240
2061844453
2061965930
2062137080
2062338301
2062376507
2062448598
2062589485
2062604805
2062625417
2062733025
2062791980
2062838329
2063514494
2063597566
2063597567
2063597568
2063597569
2064206657
2064509899
2064567103
2064704499
2064867099
2064968294
2065288253
2065651501
2065944948
2066192884
2066330585
2066721505
2066800172
2067071915
2067207010
2067487712
2067494675
2067544701
2067791871
2067791872
2067846732
2067981657
2068317349
2068388461
2068878137
2069092345
2069449928
2069558524
2069583653
2070046377
2070098607
2071480305
2071621354
2071986174
2071986175
2071986176
2071986177
2072186758
2072241586
2072496132
2073135297
2073596624
2073780790
2073782467
2074351990
2074364233
2074862561
2074933293
2075207671
2075311709
2075628369
2075918756
2076180479
2076180480
2076811226
2076922344
2076989962
2077082548
2077188543
2077350437
2077437109
2077796027
2078083421
2078149871
2078247531
2078251324
2078378635
2078463041
2078507754
2079176595
2079212860
2079498343
2079673002
2080039502
2080156204
2080196061
2080238600
2080374782
2080374783
2080374784
2080374785
2080653093
2080730814
2080788645
2081175221
2081181190
2081974261
2082025471
2082238720
2083060729
2083121323
2083192817
2083623747
2083905485
2083918630
2084151414
2084552772
2084569087
2084569088
2084792398
2085125021
2085204794
2085310142
2085543539
2085745465
2085830740
2086108424
2086128111
2086376688
2086521549
2086547607
2086814609
2087161325
2087267023
2087307231
2087335920
2087386044
2088763390
2088763391
2088763392
2088763393
2088959378
2089184489
2089361688
2089454513
2089729850
2089893174
2090083613
2090104455
2090112446
2090490588
2090567428
2090623326
2090700613
2090746787
2090756128
2091028119
2091281562
2091535132
2091828936
2091949304
2091990429
2092054015
2092566909
2092839051
2092957695
2092957696
2093132565
2093178985
2093274073
2093962559
2094084526
2094250825
2094606450
2095560576
2095710720
2095895364
2095902092
2096244875
2096365516
2096455949
2096503667
2096863713
2097086589
2097151998
2097151999
2097152000
2097152001
2097221562
2097249430
2097424740
2097493642
2097879562
2098121249
2098148875
2098215304
2098348109
2098557635
2098605200
2098648521
2099039511
2099140234
2099155113
2099288526
2099532342
2099705021
2099780248
2099813096
2100120442
2100170470
2100206926
2100285781
2100803017
2101000191
2101025183
2101314271
2101346303
2101346304
2101507856
2101691934
2101738272
2101859046
2101977114
2102266813
2102398939
2102735502
2102738638
2103008181
2103071934
2103106429
2103739632
2104020791
2104149373
2105019871
2105069586
2105189755
2105408093
2105480495
2105512124
2105540606
2105540607
2105540608
2105540609
2105735425
2105987510
2106198836
2106256105
2106336240
2106543794
2106740117
2106922315
2106941928
2107410801
2107528789
2107638814
2107901398
2108153016
2108421623
2108611784
2109055868
2109341768
2109674639
2109680529
2109734911
2109734912
2110590874
2110697292
2110784964
2110793467
2111180342
2111278576
2111410072
2111615615
2112089822
2112745413
2113107261
2113443977
2113595030
2113844180
2113929214
2113929215
2113929216
2113929217
2113978313
2114207299
2114244890
2114696689
2114946360
2115444925
2115720538
2115830237
2115848082
2116212276
2116296171
2117008610
2117291315
2117459936
2117575060
2118086952
2118123519
2118123520
2118521565
2118766074
2118991561
2119149462
2119399320
2119568939
2119858443
2120821397
2120875818
2121107965
2121263696
2121646563
2121692268
2121763134
2122188227
2122299120
2122317822
2122317823
2122317824
2122317825
2122323545
2122548061
2122897535
2123931846
2124040700
2124102377
2124105112
2124131463
2124201628
2124306237
2124324267
2124516256
2124596573
2124689044
2124742352
2125017094
2125190981
2125515842
2126035018
2126240345
2126512127
2126512128
2126572216
2127180585
2127302890
2127394887
2127540978
2127590384
2127804079
2128021578
2128065339
2128115937
2128293463
2128747882
2128757984
2129191265
2129540435
2129623871
2129653580
2129677422
2129872339
2129979036
2130296348
2130492227
2130706430
2130706431
2130706432
2130706433
2130808555
2130817478
2130884803
2130884966
2130888025
2130902574
2131094457
2131433433
2131787884
2131837717
2132045537
2132298115
2132537763
2133228058
2133568151
2133593733
2134084478
2134345469
2134387057
2134432285
2134523881
2134900735
2134900736
2134918807
2134998058
2135050716
2135104226
2135617399
2135682660
2136049666
2136308756
2136612275
2137807265
2138163206
2138642630
2138761523
2138798694
2139095038
2139095039
2139095040
2139095041
2139427726
2139628693
2140095303
2140247648
2140313775
2140526709
2140717389
2140868370
2140876119
2140973045
2141329400
2141479038
2141535245
2141602095
2141949669
2142054959
2142123501
2142128023
2142165973
2142485905
2142578600
2142678033
2142787969
2143014511
2143289343
2143289344
2143476062
2143773403
2144028956
2144122148
2144491220
2144512636
2144616508
2144729625
2144819750
2144830403
2145599073
2145929649
2146880926
2146902473
2146977277
2147013044
2147163051
2147483646
2147483647
2147483648
2147483649
2147514178
2147869761
2147901540
2148067689
2148175641
2148543308
2148696629
2148711555
2149425880
2149897662
2149921934
2150002265
2150023175
2150298873
2150536946
2150932889
2150971322
2151121364
2151524733
2151677951
2151677952
2152374347
2152469575
2152846110
2153956119
2154037507
2154245291
2154620827
2154737892
2155475575
2155569178
2155620598
2155788473
2155812791
2155872254
2155872255
2155872256
2155872257
2155961264
2156496736
2156572665
2156799970
2157312858
2157454531
2157540247
2157737480
2157805779
2157900742
2158063702
2158090606
2158110521
2158187574
2158302227
2158392792
2158409102
2158464544
2158737422
2158844801
2159143527
2159163519
2159391020
2159541403
2160066559
2160066560
2160117599
2160165061
2160196013
2160224969
2161029871
2161312570
2161503854
2161560120
2161655963
2162260906
2162265155
2162361899
2162390901
2162446080
2163280805
2163551653
2163563860
2163568576
2163730558
2163859548
2163925559
2163948887
2164260862
2164260863
2164260864
2164260865
2164270164
2164284588
2164829537
2164839548
2164970945
2165110296
2165167813
2165185468
2165240862
2165567858
2165854140
2166346034
2166464280
2166561951
2167313417
2167455715
2167566908
2167773179
2167775391
2168107617
2168430072
2168455167
2168455168
2168618743
2168935443
2169081633
2169257544
2169328269
2169405024
2169619128
2169764103
2169987674
2170218035
2170812628
2170841691
2171091519
2171194466
2171736937
2171939747
2172341170
2172400252
2172440515
2172487593
2172509130
2172649470
2172649471
2172649472
2172649473
2172656136
2173299078
2173619040
2173695965
2173956957
2174435969
2174511394
2174750286
2174757708
2175323167
2175690672
2175838359
2176426932
2176843775
2176843776
2176985216
2177032951
2177146358
2177505136
2177538803
2177735791
2177816891
2177984930
2178154229
2178164022
2178526666
2178813530
2178872255
2178930531
2179091861
2179121528
2179170057
2179185604
2179339825
2179513564
2179785821
2180667809
2180696927
2180814334
2181038078
2181038079
2181038080
2181038081
2181504602
2181536656
2181663679
2182140654
2182222554
2182481873
2182525175
2182765408
2182812964
2183404774
2183555184
2183558266
2183735415
2184153315
2184201425
2184321787
2184712488
2184830728
2185006351
2185184016
2185232383
2185232384
2185380344
2185436905
2185534761
2185584018
2185629388
2186130787
2186401806
2186591425
2186769313
2186871876
2186955264
2186959693
2187160687
2187355593
2187554563
2187904305
2188090983
2188261037
2188342057
2188720510
2188767894
2189064512
2189426686
2189426687
2189426688
2189426689
2189805674
2189846687
2190523208
2190553836
2190720250
2190780267
2191027264
2191063163
2191540677
2191905242
2192776618
2193083094
2193122687
2193494151
2193620991
2193620992
2193921229
2194199149
2194212141
2194514551
2194531167
2194674414
2194791129
2195491006
2195562549
2196014575
2196079232
2196616417
2197296063
2197506679
2197675646
2197815294
2197815295
2197815296
2197815297
2198253556
2198278601
2198532431
2198763125
2198814736
2198823099
2198895288
2199020437
2199041684
2199485939
2199715863
2199827747
2200245306
2200278529
2200441759
2200597955
2200720619
2200887994
2201027267
2201113921
2201669317
2201998202
2202009599
2202009600
2202063733
2202699954
2203212350
2203347715
2203767419
2204030119
2204234515
2204316842
2204827189
2204916256
2204941478
2205116259
2205135793
2205189390
2205643598
2205816469
2205972649
2205977186
2206203902
2206203903
2206203904
2206203905
2206307393
2206358600
2206884347
2207003222
2207254128
2207731515
2207777716
2207794348
2208440418
2208986149
2209492185
2209626370
2209641392
2210022820
2210322425
2210384477
2210398207
2210398208
2210437321
2211071836
2211359299
2211660508
2212021841
2212032106
2212473944
2212535552
2212631749
2212939086
2212982835
2213026060
2213070146
2213489568
2213552822
2213619150
2213870726
2214318132
2214592510
2214592511
2214592512
2214592513
2214637545
2214884333
2214956086
2215032210
2215534942
2215565601
2215799375
2216249078
2216744753
2217187783
2217525814
2217588673
2217630340
2218066951
2218786815
2218786816
2218833570
2218909837
2219064563
2219204782
2219325380
2219417036
2219686788
2219802132
2220282352
2220314462
2220353266
2221399881
2221475493
2221680721
2221768585
2222050043
2222321469
2222367702
2222850335
2222879166
2222914376
2222977881
2222981118
2222981119
2222981120
2222981121
2223065660
2223178644
2223185219
2223186025
2223441766
2223867150
2224871679
2224933496
2225168760
2225353729
2225365011
2225787052
2226343746
2226881312
2227175423
2227175424
2227270592
2227423665
2227443733
2227677497
2227935149
2228086423
2228117630
2228396909
2228446853
2228581468
2228830473
2228884408
2228945141
2229181276
2229308962
2229385580
2229540711
2229716981
2229750060
2230008287
2230050039
2230080414
2230238602
2230570593
2230676355
2231106775
2231311661
2231339206
2231369726
2231369727
2231369728
2231369729
2231503140
2231649341
2231964008
2232193109
2232616109
2232643504
2232675079
2232942970
2233023745
2233168720
2233376100
2233376960
2233882849
2233970696
2234002385
2234005918
2234530782
2234625287
2235032129
2235397306
2235564031
2235564032
2235701234
2235772550
2235877319
2236014077
2236142672
2236162547
2236233561
2236628239
2237061781
2237438394
2237586336
2237664198
2237753857
2237758336
2238014460
2238317980
2238330948
2238431117
2238538886
2238812081
2239064733
2239545043
2239758334
2239758335
2239758336
2239758337
2240341093
2240790692
2240797026
2240863116
2241059856
2241322284
2241666813
2241701030
2241755094
2241799323
2241827566
2241925630
2242194619
2242232844
2242723224
2242823572
2242958690
2243348021
2243952639
2243952640
2244263520
2244570911
2244603070
2244685923
2244867478
2245048373
2245338513
2245352898
2245437567
2245489104
2245909994
2246329919
2246381406
2246463802
2246620391
2246724936
2247094718
2247134955
2247354652
2247426480
2247590040
2248146942
2248146943
2248146944
2248146945
2248255966
2248392480
2248640975
2248909354
2248989911
2249098813
2250284150
2250563553
2250831640
2250845434
2250871664
2251205804
2251222546
2251878720
2251944798
2252341247
2252341248
2252704160
2252751948
2253211901
2253416404
2253557928
2253702239
2253946861
2253969839
2253996421
2254023559
2254163874
2254166360
2254399289
2254508678
2254538898
2254704520
2255066583
2255120027
2255228679
2255870322
2255913560
2255990814
2256535550
2256535551
2256535552
2256535553
2256711539
2257105018
2257116283
2257138761
2257226143
2257613040
2258106003
2258116876
2258478791
2258521413
2258526302
2258898128
2259226471
2259298022
2259666052
2259710359
2259914260
2260021251
2260065723
2260394387
2260445989
2260724066
2260729855
2260729856
2261123438
2261531790
2262075390
2262123988
2262246153
2262581317
2262647701
2263206774
2263427114
2263730266
2264038982
2264073842
2264140479
2264429021
2264435885
2264470077
2264668624
2264924158
2264924159
2264924160
2264924161
2265057152
2265834210
2265981602
2266294299
2266698392
2266917274
2267183415
2267331233
2267346576
2267643305
2267803322
2268202885
2269066808
2269068046
2269118463
2269118464
2269203007
2269497112
2269622023
2269646348
2269719765
2270198719
2270439072
2270734069
2271041652
2271076855
2271105886
2272429481
2272601670
2272783673
2273312766
2273312767
2273312768
2273312769
2273342249
2273867761
2274067021
2274101274
2274381525
2275004784
2275018011
2275219478
2275477333
2276020195
2276062772
2276155211
2276245998
2276336042
2277334737
2277442517
2277475139
2277507071
2277507072
2277822829
2278248475
2278405386
2278556024
2278565259
2278606771
2278665997
2278786891
2279066151
2279765613
2280493293
2280625006
2280767365
2281423281
2281432902
2281571848
2281689040
2281701374
2281701375
2281701376
2281701377
2281781564
2282094798
2282448333
2282689800
2282694855
2282831955
2283107183
2284096866
2284204255
2284206709
2284343992
2284504333
2284767958
2285051479
2285719203
2285895679
2285895680
2286220386
2286298384
2286433689
2286683081
2286912763
2286983820
2287086628
2287858449
2288018865
2288328624
2288451872
2288735991
2288828779
2289054812
2289080940
2289303343
2289548950
2290042702
2290077033
2290089982
2290089983
2290089984
2290089985
2290255828
2290288345
2290588732
2290724336
2290989201
2291062915
2291197925
2291651078
2292499841
2292651473
2293314781
2293542456
2294284287
2294284288
2294372751
2294469045
2295369824
2295474572
2295727432
2295810930
2295886582
2296099240
2296263827
2296315554
2296371286
2296697572
2297007154
2297108234
2297262278
2297301753
2297443906
2298191792
2298225198
2298478590
2298478591
2298478592
2298478593
2298618201
2298720350
2299094147
2299177694
2300126859
2300144149
2300378589
2300519560
2300525243
2300676196
2300867701
2301097582
2301620408
2301710104
2301782518
2301976813
2302162419
2302531692
2302672895
2302672896
2302932829
2303063694
2303176568
2303288977
2303382568
2303463324
2303615864
2303975874
2304084656
2304096712
2304301020
2304371788
2304464356
2304937297
2305099857
2305240640
2305450203
2305781785
2305811662
2305955261
2305958913
2306029534
2306075830
2306126067
2306235129
2306237959
2306785707
2306867198
2306867199
2306867200
2306867201
2306914935
2307048953
2307269973
2307329466
2307371383
2307532747
2307573449
2307815758
2307974353
2308079721
2308096852
2308283529
2308354603
2308476076
2308620659
2309004990
2309177529
2309412741
2309474183
2309712676
2309731244
2310110718
2310225246
2310253929
2310269001
2310328962
2311061503
2311061504
2311977399
2312117073
2312131439
2312140895
2312593790
2312916278
2313110870
2313443422
2313636371
2313680192
2313902283
2314467695
2314544375
2314855308
2315044967
2315118373
2315181164
2315217328
2315255806
2315255807
2315255808
2315255809
2315406248
2315698311
2316000848
2316186106
2316602707
2316633672
2316767086
2317981681
2318034625
2318274793
2318647785
2318696912
2318778481
2318968060
2319450111
2319450112
2319513054
2319537977
2319569336
2319702493
2319841757
2320233296
2320281880
2320310809
2320402350
2320456737
2320526365
2320823128
2320887010
2321013973
2321099056
2321473290
2321502200
2321852701
2322007257
2322057269
2322254138
2322657940
2322773893
2322828598
2322992524
2323255297
2323322441
2323376764
2323443387
2323457087
2323644414
2323644415
2323644416
2323644417
2323660853
2323664187
2323698841
2323867155
2324176147
2324554351
2324562861
2324774076
2324831683
2325099064
2325212728
2325249446
2325303076
2325506770
2325645353
2325759412
2325972681
2326187167
2326194151
2326306029
2326385610
2326460414
2326730770
2326820772
2326943831
2327083540
2327128449
2327179161
2327204605
2327441154
2327479735
2327554496
2327589535
2327646206
2327838719
2327838720
2327933880
2327934703
2328103894
2328560823
2328706192
2329028403
2329063946
2329094722
2329252402
2329511461
2329668848
2329729857
2329811539
2329890997
2329922792
2330006499
2330074469
2330350935
2330580902
2331350676
2331726714
2331886870
2331960153
2331999017
2332033022
2332033023
2332033024
2332033025
2332034250
2332132843
2332160676
2332653070
2332804216
2332856827
2332977281
2333382882
2333445909
2333648131
2334710829
2334804554
2335003997
2335142069
2335179812
2335263709
2335455415
2335461782
2335465299
2335466257
2335543225
2335740617
2335828259
2336036457
2336140160
2336227327
2336227328
2336290695
2336621842
2336807789
2336985104
2337080985
2337248722
2337336468
2337626094
2338642618
2338737317
2338945818
2339068423
2339242411
2339473155
2339489337
2339582284
2339832366
2340044179
2340113108
2340124051
2340248133
2340332739
2340421630
2340421631
2340421632
2340421633
2340622293
2340768379
2340790498
2340951607
2340997683
2341449498
2341562387
2341592485
2341774780
2342306596
2342426033
2342664158
2342725462
2342954439
2343070201
2343296679
2343368064
2343664808
2343849868
2344337029
2344501226
2344615935
2344615936
2344905709
2345046646
2345215733
2345257756
2345329755
2345488107
2345629595
2345874502
2346054341
2346359558
2346892354
2346982826
2347166970
2347204377
2347289452
2347293959
2347369198
2347609097
2347613715
2347649894
2347865056
2347936976
2348097236
2348253509
2348300537
2348582256
2348810238
2348810239
2348810240
2348810241
2348932889
2349040566
2349169589
2349639526
2350021589
2350548034
2350746018
2350876217
2350893715
2351306603
2351487190
2352058727
2352080676
2352153409
2352610693
2352649862
2352924649
2352956275
2353004543
2353004544
2353228079
2353626918
2353874011
2353897473
2354259711
2354462782
2354746867
2354781734
2354849249
2355088492
2355210589
2355395919
2355681905
2355737461
2356513619
2356567292
2356739319
2356840288
2357085230
2357198846
2357198847
2357198848
2357198849
2357211050
2357353178
2357366476
2357403787
2357557541
2357624047
2358279114
2358854978
2359616198
2359652108
2359673027
2360045997
2360101962
2360128203
2360271875
2360712036
2360905559
2360936366
2361260492
2361393151
2361393152
2361417864
2361454296
2361670400
2362564335
2362709587
2362993375
2363188259
2363404268
2363442165
2363598004
2364051295
2364169421
2364399912
2364659850
2364877605
2365127327
2365272997
2365587454
2365587455
2365587456
2365587457
2365671558
2365967966
2366093008
2366540635
2366987446
2367231074
2367346332
2367486280
2367514680
2367601430
2367711423
2367954127
2367978229
2368032286
2368567942
2368651813
2368876013
2368994055
2369062283
2369162453
2369241651
2369570636
2369576551
2369781759
2369781760
2370530570
2370639489
2370889574
2370921525
2370934883
2371065434
2371075751
2371802151
2372093217
2372377130
2372677107
2372862932
2372913322
2373320656
2373629380
2373696679
2373831606
2373976062
2373976063
2373976064
2373976065
2374283274
2374444208
2374493711
2374801155
2374996338
2375191855
2376126084
2376248457
2376572377
2376795179
2377063778
2377347047
2377405744
2377724036
2377810339
2377851671
2378060168
2378096424
2378170367
2378170368
2378468525
2378776385
2379232177
2379594689
2379988668
2380008724
2380076206
2380113115
2380408042
2380421577
2380500589
2380541765
2380695783
2380725773
2380864802
2380929467
2381081187
2381702319
2382021008
2382327451
2382364670
2382364671
2382364672
2382364673
2382548910
2383032307
2383150099
2383380693
2383886096
2383886687
2384691932
2384751733
2384828114
2384937777
2385062124
2385070190
2385141589
2385280148
2385400089
2385727185
2385751293
2385821994
2385943221
2386355499
2386558975
2386558976
2386575924
2386658553
2386854393
2386861642
2387035093
2387065336
2387206449
2387453519
2387455189
2387457457
2387982657
2388048228
2388060460
2388135565
2388601005
2388626495
2388997728
2389235641
2389395745
2389493394
2390003130
2390064303
2390152657
2390252998
2390321812
2390462237
2390491742
2390714981
2390753278
2390753279
2390753280
2390753281
2390773522
2390839094
2390846243
2391173310
2391482053
2392304708
2392542149
2392835533
2392953394
2393757130
2393900627
2393903337
2394947583
2394947584
2395252059
2396309944
2396523667
2397214156
2397599298
2397914934
2398056980
2398529178
2398685515
2398687423
2398770568
2399085666
2399141886
2399141887
2399141888
2399141889
2399154326
2399190864
2399215849
2399551254
2399873377
2399914203
2400067534
2400119189
2400565226
2400985443
2401037542
2401159115
2401241466
2401382952
2401814692
2401992886
2402231591
2402499571
2402604384
2402709281
2403222830
2403336191
2403336192
2403844166
2403949366
2404107201
2404162027
2404176549
2404242569
2404284159
2404590644
2404762220
2404869037
2405169791
2405414006
2406323438
2406569070
2406643265
2407043642
2407085708
2407126891
2407530494
2407530495
2407530496
2407530497
2407646710
2407650448
2407741133
2407754410
2407881530
2407935908
2407965786
2408153852
2408479372
2408709147
2408994937
2409599037
2409630582
2409753385
2409890526
2409958449
2409975426
2410112040
2410139393
2410173083
2410220185
2410242998
2410390197
2410479885
2410541828
2410664435
2410707756
2410962175
2411139646
2411342363
2411466041
2411533511
2411628504
2411724799
2411724800
2411806921
2411973352
2412041510
2412062822
2412086620
2412155830
2412323778
2412365099
2412873560
2413015647
2413084341
2413088524
2413114329
2413282130
2413286575
2413405981
2413445276
2413507781
2413624749
2413654798
2414110778
2414246708
2414327274
2414328679
2414496344
2414546825
2414624786
2414886057
2415919102
2415919103
2415919104
2415919105
2415975572
2416077464
2416211060
2416346752
2416443584
2416538028
2416749647
2416768585
2417021469
2417032079
2417182635
2417277347
2417633654
2417674874
2418244809
2418272415
2418569460
2418907902
2418984872
2419036756
2419181903
2419196945
2419396990
2419410200
2419866551
2419880183
2420113407
2420113408
2420143589
2420429549
2420445044
2420528351
2420600624
2420943459
2421309182
2421874450
2422124533
2422146879
2422519983
2422525866
2422659686
2423248922
2423589145
2424000875
2424014220
2424307710
2424307711
2424307712
2424307713
2424596482
2424675073
2424678140
2424708442
2424888437
2425094764
2425305110
2425660678
2425706439
2425817103
2425949065
2426009963
2426181523
2426270873
2426310150
2426338673
2426495099
2427049365
2427175036
2427195089
2427444541
2427575999
2427590838
2427671661
2427718059
2427953701
2428010554
2428233327
2428497444
2428502015
2428502016
2428636547
2428723692
2428750804
2429136773
2429909354
2429940453
2430208106
2430323748
2430816044
2430999405
2431001533
2431307548
2431337566
2432065618
2432384542
2432517444
2432696318
2432696319
2432696320
2432696321
2432735595
2432748462
2433022957
2433152149
2433258363
2433388743
2433455639
2434005404
2434351058
2434479205
2434527706
2434844263
2434883308
2434902514
2435049133
2435108348
2435200787
2436002677
2436245853
2436344523
2436398614
2436526017
2436890623
2436890624
2437283257
2437442728
2437460289
2437996952
2438036554
2438179999
2438920904
2438977059
2439100022
2439216524
2439401500
2439531171
2439757113
2439941630
2440104796
2440907971
2441084926
2441084927
2441084928
2441084929
2441500712
2441859222
2442150260
2442168098
2442284762
2442291814
2442398190
2442406529
2442640811
2443045164
2443274315
2443603801
2443615189
2443696979
2443705198
2444007457
2444179028
2444223351
2444306065
2444644016
2444888014
2445279231
2445279232
2445369422
2445573930
2445740579
2445963027
2446001267
2446139088
2446528725
2446657578
2446992608
2447032543
2448323285
2448769418
2448809670
2449092388
2449187378
2449473534
2449473535
2449473536
2449473537
2449725174
2449780433
2450183281
2450734990
2450855167
2450924762
2450971538
2452020011
2452477605
2452572055
2452819251
2453248024
2453667839
2453667840
2453883553
2454081670
2454090776
2454148487
2454346276
2454635676
2454691866
2454881954
2455012864
2455259862
2455293336
2455626961
2455721632
2455775798
2455913180
2456007630
2456577310
2456626662
2456684492
2456743235
2456946242
2457196722
2457706139
2457775948
2457846407
2457862142
2457862143
2457862144
2457862145
2458012125
2458035611
2458062620
2458268789
2458344469
2458375881
2458486808
2458755385
2459198090
2459545736
2459868218
2460749759
2460891863
2461031363
2461072330
2461574804
2462040882
2462056447
2462056448
2462325117
2462451959
2462681337
2463076487
2463176869
2463519195
2463586285
2463770195
2463842367
2464487551
2464684306
2464940079
2465291553
2465407884
2465465194
2465607769
2465749769
2466250750
2466250751
2466250752
2466250753
2466759797
2466768158
2466845234
2467053981
2467253848
2467438735
2467477151
2467498997
2467688685
2467774697
2467813306
2467849997
2468226361
2468515595
2468565819
2469287083
2469308567
2469403887
2469511066
2469701249
2469854243
2470445055
2470445056
2470603772
2470620605
2470822158
2471008254
2471173049
2471180386
2471234889
2471389863
2471421357
2471518503
2471706080
2472509961
2472521130
2472755445
2472760072
2472813182
2472980422
2473048565
2473049066
2473716748
2473774391
2473956169
2474004440
2474162913
2474303663
2474341869
2474639358
2474639359
2474639360
2474639361
2474713105
2474713787
2474807232
2474860558
2474878239
2474890610
2475082866
2475145937
2475205184
2475307752
2475431573
2475476360
2475501449
2476346260
2477095963
2477616059
2477759508
2477807247
2478022770
2478833663
2478833664
2478888001
2478988082
2479034338
2479101676
2479141633
2479280570
2479311674
2479476435
2479988742
2480063437
2480101518
2480560864
2480580446
2481311245
2481369636
2481634027
2481776434
2481933052
2482106458
2482561081
2482615820
2482654170
2482875952
2482883933
2482997773
2483027966
2483027967
2483027968
2483027969
2483398433
2483512410
2483543206
2484028878
2484154812
2484472345
2484648900
2486068227
2486075697
2486448548
2486600064
2486654989
2486694539
2487032962
2487222271
2487222272
2487850855
2487970705
2488237530
2489233379
2489449802
2489572614
2489727695
2489969555
2490651453
2490679121
2490775568
2491009468
2491367647
2491396136
2491399398
2491416574
2491416575
2491416576
2491416577
2491499204
2491674029
2491756329
2491790277
2491859282
2491943388
2491954532
2492025724
2492026017
2492290813
2492605501
2492682338
2492697156
2492847546
2493223639
2493384026
2493588702
2493959922
2494418865
2494525738
2494542581
2494630778
2494884596
2495379615
2495449450
2495610879
2495610880
2495620299
2496012775
2496078064
2496115356
2496150573
2496262926
2496545357
2496580587
2496682555
2496713335
2496827333
2497040471
2497303374
2497633357
2497676803
2497714025
2497991993
2497995801
2498313433
2498316691
2498628308
2498972972
2499332041
2499738977
2499802491
2499805182
2499805183
2499805184
2499805185
2500800284
2500834930
2501037647
2501278779
2501376466
2501387009
2501465048
2502005670
2502213706
2502226314
2502357585
2502748329
2502932590
2503232687
2503709966
2503999487
2503999488
2504157490
2504247705
2504270650
2504465975
2504519504
2504771842
2504799911
2504953792
2505095434
2505124226
2505525490
2505740820
2505924291
2505964164
2506112349
2506170225
2506412933
2507143394
2507482433
2507873317
2508193790
2508193791
2508193792
2508193793
2508328671
2508375209
2508413868
2508461291
2508576340
2509081313
2509247074
2509305873
2509385254
2509453388
2509607731
2509701677
2509985898
2510182915
2510300461
2510306425
2510433355
2510672318
2510685680
2510897980
2510992577
2511205312
2511788274
2511947506
2512243348
2512388095
2512388096
2512838584
2512916178
2513003449
2513048763
2513171552
2513257340
2513321769
2513322929
2513329718
2513367464
2513561628
2513609861
2513652974
2513818217
2514600998
2514710426
2514779710
2515285466
2515412020
2515569777
2515601563
2515897288
2516540353
2516582398
2516582399
2516582400
2516582401
2516848373
2517004319
2517630097
2517654702
2517735708
2517912558
2519419323
2519446762
2519508194
2520174072
2520776703
2520776704
2520778594
2520820381
2520931548
2521019027
2521169554
2521272348
2521491151
2521634716
2521638508
2521640123
2521710029
2521714739
2521928838
2521933581
2522086037
2522384374
2522487167
2522508101
2522573450
2522901155
2523165723
2523659575
2523869997
2523971514
2524055374
2524068399
2524289325
2524867503
2524900684
2524971006
2524971007
2524971008
2524971009
2525076517
2525205965
2525416203
2525548170
2525802792
2525917205
2526138872
2526179241
2526258359
2526927737
2526969247
2527274379
2527960237
2528012166
2528117047
2528131060
2528552305
2528738326
2529006833
2529057698
2529089189
2529165311
2529165312
2529265880
2529578744
2529947193
2530128459
2530513160
2530611296
2531035911
2531180379
2531353766
2531529945
2531620378
2531933611
2532066376
2532506925
2532830461
2533173418
2533195183
2533359614
2533359615
2533359616
2533359617
2533653780
2533667950
2533948655
2534522618
2535024734
2535261694
2535529225
2535785879
2535825784
2535828753
2535911273
2536189813
2536295309
2536328702
2536380470
2536539609
2536821771
2536929665
2537146411
2537171477
2537363901
2537553919
2537553920
2537723976
2538560772
2539388820
2540140512
2540276261
2540326865
2540813537
2541167623
2541696259
2541748222
2541748223
2541748224
2541748225
2542134848
2542254259
2542350647
2542384306
2542416197
2542576729
2542643691
2542758478
2542938062
2543267250
2543336446
2543390404
2543461080
2543705111
2543785898
2543846713
2543978117
2544024073
2544077619
2544225189
2544230637
2544426464
2545339529
2545369872
2545488705
2545595959
2545942527
2545942528
2545942769
2545980486
2546575283
2547110810
2547371931
2547464054
2547704378
2547739528
2548069309
2548438791
2548463348
2548468977
2549426069
2549543932
2549853080
2549992536
2550006540
2550136830
2550136831
2550136832
2550136833
2550352462
2550357686
2550367917
2550442714
2550535536
2550732378
2550843723
2551278833
2551352760
2551796862
2551979159
2551984977
2552225704
2552426611
2552452101
2552726234
2552882798
2552890961
2553375007
2553522281
2553791330
2553814189
2554156539
2554290813
2554312144
2554331135
2554331136
2554429277
2554775104
2554857314
2554961694
2555029792
2555266023
2555463757
2555590338
2555857422
2556626419
2557055005
2557081904
2557103602
2557309747
2557456014
2557585391
2557594625
2557725138
2558525438
2558525439
2558525440
2558525441
2558797343
2559163346
2559235092
2559285127
2559301463
2559488426
2559576213
2559629005
2559906365
2560125505
2560856586
2561137400
2561176359
2561198733
2561425181
2561572913
2562719743
2562719744
2562792903
2562850053
2563245034
2563434238
2563802118
2564177735
2564385684
2564500824
2564720628
2565116705
2565246563
2565316772
2565879896
2565949619
2565956809
2566034694
2566112067
2566130429
2566317101
2566671178
2566914046
2566914047
2566914048
2566914049
2567068861
2567473101
2567576273
2567610685
2567711555
2567718854
2567736919
2567994930
2568289096
2568700958
2568859819
2569134145
2569181874
2569436051
2569536660
2570526827
2570845274
2570880917
2570975692
2571108351
2571108352
2571662434
2571807189
2571859438
2572412465
2572470431
2572590964
2572876200
2573225021
2573386169
2573426494
2573538636
2573617417
2573783293
2574148991
2574397482
2574472817
2574691646
2575285917
2575302654
2575302655
2575302656
2575302657
2575505688
2575802710
2575844909
2575982548
2576109216
2576160724
2576231062
2576374101
2576616973
2576647789
2576909384
2577023604
2577557949
2578140047
2578360412
2578375174
2578461719
2578794377
2578825155
2578884314
2578951242
2579478890
2579496959
2579496960
2579630708
2580354570
2580498178
2580681420
2581261862
2581578565
2581602763
2581663491
2581758279
2581833252
2582153704
2582230579
2582294126
2582353612
2582577785
2582603538
2582792962
2582811063
2583487004
2583511657
2583557867
2583572000
2583691262
2583691263
2583691264
2583691265
2583789698
2584732585
2584872758
2584935217
2585146488
2585217227
2585451429
2585571600
2585783934
2585899758
2585938418
2585951339
2586107314
2586429576
2586436111
2586573226
2586639697
2586644569
2586851072
2586981786
2587031247
2587056581
2587215497
2587246623
2587311369
2587332702
2587335017
2587733217
2587885567
2587885568
2588046812
2588230701
2588487238
2588552054
2588672312
2588677028
2588745226
2588874523
2589343294
2589613206
2590012612
2590401477
2590680715
2590726893
2590782696
2590833872
2590920396
2591168852
2591280414
2591372458
2591883830
2592079870
2592079871
2592079872
2592079873
2592127090
2592249101
2592632557
2592647081
2592743974
2592767814
2592901816
2593029114
2593040968
2593353428
2593396964
2593850985
2593979923
2593990717
2594081669
2594539098
2594643132
2594982385
2595114949
2595254369
2595295000
2595339171
2595510995
2595942247
2596274175
2596274176
2596326450
2596511808
2596630732
2596925769
2597295931
2597346669
2597928398
2598006504
2598345803
2598419242
2598460118
2598926198
2599137084
2599222987
2599271364
2600076644
2600104804
2600263798
2600468478
2600468479
2600468480
2600468481
2600471454
2600519070
2600554840
2600900409
2600906052
2601207581
2601417375
2601511861
2601645034
2601851029
2603202396
2603386818
2603665369
2603945733
2604030524
2604662783
2604662784
2604675873
2604749543
2604809218
2605670540
2606043561
2606345521
2606412491
2606447881
2606456387
2606644105
2607025340
2607052522
2607316252
2607940239
2608466327
2608546275
2608658356
2608857086
2608857087
2608857088
2608857089
2608918964
2608965143
2609231934
2609349042
2609490828
2609688000
2609875481
2609946940
2610220385
2610555614
2610596733
2610668760
2610744115
2610951238
2611050823
2612134412
2612816879
2612989566
2613051391
2613051392
2613058971
2613109501
2613307826
2613472307
2613616037
2613990257
2614234026
2614269030
2614436644
2614545149
2615439076
2615815424
2616067586
2616364459
2616403628
2616533014
2616640192
2616952239
2617112433
2617224031
2617245694
2617245695
2617245696
2617245697
2617927077
2618183109
2618318099
2618544760
2618793371
2618928601
2619200296
2619306115
2619427767
2619487367
2619527136
2619596285
2619682202
2619684788
2619786476
2619856824
2619922787
2620072074
2620213149
2620306559
2621006593
2621303353
2621309666
2621330107
2621330474
2621439999
2621440000
2621732132
2621735727
2621743910
2621809286
2621939717
2623172032
2623383241
2623428569
2623639903
2623656318
2623720548
2624097725
2624129136
2624219139
2624332238
2624849029
2625102865
2625167229
2625634302
2625634303
2625634304
2625634305
2625644729
2625941256
2625979467
2626015781
2626650795
2626660841
2626963131
2627246736
2627272216
2627417173
2627559185
2627693988
2627756096
2627875206
2628112816
2628184383
2628196204
2628249469
2628325212
2628380424
2628433093
2628592250
2629306764
2629612081
2629669829
2629828607
2629828608
2630036233
2630181046
2630933469
2631152898
2631461254
2631531103
2631535500
2631984548
2632436265
2632453121
2632782955
2632865815
2632959061
2633110801
2633165284
2633477443
2634022910
2634022911
2634022912
2634022913
2634566010
2634812420
2635098905
2635337508
2635399995
2635562680
2635723032
2635846019
2636205303
2637192077
2637732177
2637926876
2638217215
2638217216
2638375434
2638381763
2638447358
2638693061
2638876840
2638980579
2639173961
2639179544
2639894473
2639923572
2640121044
2640492981
2640804867
2640868376
2640996562
2641505505
2641716753
2641773778
2642411518
2642411519
2642411520
2642411521
2642432367
2642485160
2642540141
2642949993
2642992925
2643001011
2643013297
2643709576
2643912604
2644155236
2644355051
2644480821
2644845986
2644972115
2644997258
2645355444
2645416089
2645416392
2645429720
2645672053
2645749163
2645975094
2645984048
2646035872
2646175791
2646253612
2646270543
2646271551
2646476838
2646605823
2646605824
2646816838
2647572832
2647635278
2648182652
2648239050
2648389494
2648460668
2648835191
2648909100
2649130281
2649218390
2649275152
2649283590
2649318672
2649954765
2650303367
2650788124
2650800126
2650800127
2650800128
2650800129
2651356520
2651378464
2651396593
2651513752
2651525931
2652191605
2652287303
2652568479
2652660450
2652944285
2653237339
2653551871
2653656008
2653890010
2653994188
2654226384
2654226968
2654266212
2654270523
2654489340
2654565649
2654691553
2654751455
2654994431
2654994432
2655516000
2655620762
2655858382
2656199346
2656205628
2656211705
2656250294
2656273979
2656443447
2656508927
2656826498
2657018751
2657049904
2657199872
2657302840
2657343111
2657431454
2657447286
2657538441
2657921281
2658296718
2658527218
2658581815
2659077122
2659188734
2659188735
2659188736
2659188737
2659861113
2659995908
2660075382
2660312476
2660549819
2660554155
2660593893
2660597987
2660799707
2660827748
2661416854
2661651559
2661825129
2661862044
2662325805
2663175498
2663316740
2663383039
2663383040
2664453004
2664784601
2665137864
2665281326
2665509569
2665846755
2665883192
2665938793
2666243526
2666633357
2666934638
2667068045
2667197416
2667577342
2667577343
2667577344
2667577345
2668025600
2668402103
2668713687
2668719542
2668920743
2669169571
2669213535
2669614262
2669834167
2670207126
2670275541
2670281534
2670292193
2670654431
2671016871
2671133245
2671380745
2671641329
2671770788
2671771647
2671771648
2671965061
2672241446
2672479149
2672845113
2672856111
2673516593
2673836582
2674527793
2674608804
2674690202
2674783457
2675580055
2675585073
2675965950
2675965951
2675965952
2675965953
2676043081
2676558966
2676622445
2676865377
2676936383
2677131885
2677608132
2677621295
2677730810
2677836458
2677876366
2678490025
2678529743
2678591292
2678804875
2679065554
2679242328
2679502256
2679656379
2679810982
2679843450
2679854645
2680160255
2680160256
2680753187
2680880327
2681154160
2681399966
2681561479
2681652089
2681966594
2681993634
2682135257
2682257835
2682423714
2682460937
2682672261
2682891239
2683337584
2683438986
2683645055
2683722616
2684099593
2684180904
2684334281
2684354558
2684354559
2684354560
2684354561
2684613444
2684625959
2684723299
2684753811
2685256490
2685407708
2685455581
2685532152
2685555255
2685886973
2686255031
2686279183
2686786742
2687257051
2687929903
2688083707
2688101651
2688186045
2688210022
2688348077
2688396052
2688458795
2688475426
2688548863
2688548864
2688656180
2689727431
2689996028
2690013047
2690233617
2690303521
2690636556
2690826640
2691159305
2691497200
2691551082
2691829433
2691841978
2691919606
2691999443
2692127933
2692131572
2692166179
2692342308
2692348012
2692382607
2692525842
2692554691
2692643149
2692743166
2692743167
2692743168
2692743169
2692888547
2693641536
2693713648
2693848887
2693877581
2693943592
2694036905
2694039675
2694117175
2694286878
2694470113
2694566144
2694585670
2694645462
2694798174
2695137548
2695352953
2695564562
2695774694
2695981945
2695999019
2696000505
2696198541
2696565199
2696633392
2696719182
2696794964
2696852297
2696937471
2696937472
2696953837
2697072376
2697773792
2698057988
2698397157
2698544949
2698950363
2699194660
2699479609
2699550722
2699696800
2699767166
2700260217
2700386581
2700492978
2700493519
2700529113
2700652258
2700957044
2700963611
2701131774
2701131775
2701131776
2701131777
2701246065
2702190522
2702585983
2702614429
2702811021
2703129778
2703489207
2703836291
2703977391
2704014060
2704499407
2704511882
2704597274
2704754127
2704785096
2704873497
2704944208
2705326079
2705326080
2705551743
2705773589
2706100075
2706634400
2706669756
2706711098
2706743500
2707131711
2707397569
2707484006
2708275506
2708829267
2708849078
2709010728
2709520382
2709520383
2709520384
2709520385
2709671422
2710257007
2710289878
2710589260
2711466264
2711791636
2712281523
2712441633
2712759895
2712904551
2713197253
2713630994
2713661966
2713701877
2713714687
2713714688
2713735375
2713746933
2713794804
2713814761
2713915490
2713920117
2713959019
2714005060
2714032909
2714278489
2715061880
2715165262
2715548190
2715651618
2715728017
2715756089
2715813812
2715863144
2715894510
2716190134
2716445668
2717011413
2717092188
2717112597
2717134998
2717886933
2717908990
2717908991
2717908992
2717908993
2718771966
2718851161
2719009815
2719172803
2719236729
2719306827
2719398211
2719870539
2720082614
2720431997
2720510519
2720670362
2720920605
2720957402
2720964135
2721544972
2721548687
2721785081
2721786590
2722058184
2722103295
2722103296
2722108747
2722271729
2722382498
2722493611
2722948155
2723264119
2723265408
2723527926
2723658652
2723948164
2724056396
2724118652
2724393394
2724527227
2724532536
2724675425
2724959989
2725084284
2725557968
2725629830
2725640970
2726297598
2726297599
2726297600
2726297601
2726598249
2726840201
2726928642
2727009545
2727076014
2727292915
2727304633
2727439407
2727579881
2727607768
2727721904
2728300609
2728630355
2728636219
2728689353
2729154432
2729270226
2729302433
2729771071
2729808035
2729868352
2730402802
2730424724
2730491903
2730491904
2730561469
2730584765
2730886497
2731439137
2731599341
2731614321
2731650164
2731755215
2732010936
2732066703
2732093737
2732377676
2732403593
2732483700
2732696137
2732696707
2733752021
2733777496
2733882657
2733939780
2733996216
2734028671
2734075595
2734686206
2734686207
2734686208
2734686209
2734755330
2734855557
2734939905
2735656361
2735722662
2735919724
2736268154
2736388313
2736614688
2736724366
2736748442
2736801543
2736938506
2737014420
2737187034
2737541160
2737687399
2737956389
2738168211
2738188500
2738196468
2738455507
2738880511
2738880512
2739001312
2739821904
2739857259
2739930521
2740400058
2740729896
2740742424
2740955854
2741036890
2741071924
2741819850
2742026063
2742038567
2742777913
2742824097
2743074814
2743074815
2743074816
2743074817
2743113144
2743578837
2743579392
2743862019
2743941391
2744173343
2744176631
2744631044
2744788573
2745153088
2745248127
2745624313
2745678158
2746023721
2746025092
2746050105
2746191488
2746620352
2746643687
2747269119
2747269120
2747278991
2747333624
2747345490
2747567424
2747664110
2747711272
2747711417
2747825290
2748165490
2748445567
2748728486
2748916893
2748928083
2749335399
2749381824
2749510149
2749595172
2749626380
2750099121
2750290690
2750930390
2750956832
2751040013
2751099578
2751102643
2751270601
2751367964
2751382307
2751463422
2751463423
2751463424
2751463425
2751465648
2751602109
2752669875
2752742837
2753005474
2753056982
2753107140
2753206645
2753283829
2754032462
2754147949
2754365162
2754633522
2754682331
2755101378
2755321236
2755416120
2755443412
2755649825
2755657727
2755657728
2755675993
2755785028
2755914860
2756098618
2756102399
2756247365
2756250020
2756459126
2757106180
2757918104
2758683387
2758898083
2758967934
2758999329
2759000546
2759036853
2759617388
2759696428
2759740899
2759852030
2759852031
2759852032
2759852033
2759984651
2760022166
2760071672
2760208160
2760343670
2760379373
2760382658
2760465203
2760692683
2760755428
2760771611
2760850781
2760859364
2761058775
2761078542
2761099109
2761150880
2761639041
2761787607
2761810921
2762375093
2762632787
2762763752
2762960649
2763047091
2763889808
2764046335
2764046336
2764582303
2764672767
2764783858
2764971809
2765244759
2765254761
2765557966
2765573486
2765689733
2765722610
2766334200
2766470296
2766540273
2767065200
2767158717
2767729239
2767791865
2767909047
2768033525
2768069007
2768111941
2768240638
2768240639
2768240640
2768240641
2768262482
2768721993
2768957535
2768972459
2769056403
2769490392
2769737605
2769742869
2769884496
2770095806
2770232909
2770511957
2770513072
2770552144
2770602420
2770811429
2770831851
2770911510
2771513449
2771970483
2771975434
2772434943
2772434944
2772652124
2772979297
2773278723
2773306760
2773463780
2773475184
2773602295
2773919824
2774248209
2774270569
2774418303
2774691323
2774971453
2775364307
2775491301
2775969751
2775974525
2776002633
2776177761
2776230818
2776629246
2776629247
2776629248
2776629249
2776832157
2777099446
2777399544
2777418287
2777450374
2777503992
2778062742
2778497402
2778606314
2778760533
2779284735
2779340229
2779476853
2779524473
2779528783
2779769382
2780066300
2780093610
2780229049
2780823551
2780823552
2781149269
2781313071
2781376504
2781570618
2781613693
2781927898
2781965801
2782017852
2782153359
2782342737
2782669520
2783033154
2783071231
2783388004
2783445046
2783564402
2783630010
2783797880
2783857492
2784376739
2784467228
2784523923
2784678942
2784832410
2784845189
2784885635
2785017854
2785017855
2785017856
2785017857
2785258527
2785578719
2785910656
2786099540
2786344090
2786458168
2786493407
2786612699
2786706401
2787351980
2787423433
2787464289
2787480796
2787496000
2787846394
2788151241
2788236930
2788315857
2788504314
2788783248
2788817742
2789117999
2789212159
2789212160
2789457479
2789463344
2789668224
2789908133
2790191016
2790494712
2790897696
2791285680
2791390173
2791499152
2791516303
2791892137
2792017328
2792334751
2793157781
2793406462
2793406463
2793406464
2793406465
2793431156
2793700451
2793709175
2794135448
2794442211
2794563655
2794786609
2794973332
2795168462
2795201926
2795272810
2795564587
2795613121
2795640456
2795711205
2795807805
2795931403
2796123659
2796509486
2796625657
2797089282
2797600052
2797600767
2797600768
2797720859
2797727973
2797761440
2798336714
2798417213
2798580152
2798651364
2798673688
2798839956
2798935032
2799075703
2799134358
2799318275
2799382444
2799595541
2799648723
2799998302
2800093113
2800205304
2800418272
2800544866
2800991048
2801053560
2801795070
2801795071
2801795072
2801795073
2801813131
2802096614
2802105079
2802128665
2802308349
2802846130
2803286342
2803496501
2803949218
2804196244
2804446258
2804976333
2805010535
2805056227
2805279934
2805334502
2805989375
2805989376
2806168619
2806194040
2806803025
2807013624
2807176541
2807180321
2807352917
2807792185
2808069886
2808244459
2808288256
2808305510
2808651722
2808948591
2809166606
2809204132
2809403368
2809409190
2809454642
2809496793
2809633335
2809698316
2809908530
2810011334
2810183678
2810183679
2810183680
2810183681
2810660128
2810738599
2811498365
2812142374
2812814052
2813819093
2814067378
2814103640
2814123424
2814377983
2814377984
2814577162
2814842160
2815487128
2816017094
2816617914
2816732405
2818177596
2818333838
2818572286
2818572287
2818572288
2818572289
2818875065
2818888107
2818919383
2819270947
2819350052
2819934695
2819944647
2820508971
2820616608
2820683242
2820725143
2821745150
2821816895
2822176010
2822355284
2822419607
2822447998
2822725895
2822766591
2822766592
2822821470
2822956859
2823553573
2823733586
2824501055
2824583905
2825095794
2825215843
2825690179
2825850495
2826041684
2826181253
2826236677
2826350317
2826417414
2826462180
2826633513
2826896753
2826960894
2826960895
2826960896
2826960897
2827049718
2827101579
2827205945
2827383520
2827898504
2827990114
2828060234
2828225289
2829022122
2829459446
2829507975
2829674642
2829695542
2829695789
2829930014
2830048584
2830294230
2830449698
2830451171
2830455916
2830542513
2831155199
2831155200
2831258133
2831807953
2831819697
2831934987
2832252421
2832351690
2832631699
2832753254
2832825813
2832955683
2833383537
2833502537
2833540905
2833598837
2833679088
2833693070
2833747236
2833788263
2833850809
2833857821
2833927913
2834118714
2834657402
2834785845
2835119227
2835349502
2835349503
2835349504
2835349505
2835479151
2835700003
2835720588
2835763991
2835957453
2836039531
2836183561
2836618530
2837276824
2837638161
2837796015
2837869231
2837925134
2838077096
2838173942
2838363769
2838452865
2838614863
2838636850
2839051887
2839263265
2839493785
2839523282
2839543807
2839543808
2839671476
2840345814
2840705026
2840853748
2840867986
2841373328
2841376390
2841401235
2841686953
2841713752
2842116778
2842871654
2843066554
2843269195
2843328647
2843479828
2843664299
2843738110
2843738111
2843738112
2843738113
2843944641
2844284291
2844296324
2844503262
2844888778
2845013126
2845019170
2845146223
2845169764
2845374661
2845381213
2845463570
2845725068
2846066674
2846213359
2846541583
2846878357
2847023360
2847267168
2847328743
2847525632
2847932415
2847932416
2848120175
2848138199
2848290550
2848750752
2848853891
2849007612
2849019488
2849174731
2849220349
2849387044
2849456890
2849485117
2849951270
2850086268
2850743287
2850773265
2851089483
2851404179
2851490514
2851775752
2851823743
2851986083
2852070098
2852126718
2852126719
2852126720
2852126721
2852352090
2852708098
2852734035
2852813578
2853009091
2853197768
2853219034
2853553615
2853579915
2853605312
2853704539
2853818650
2854631015
2855061500
2855899404
2855942814
2856213008
2856321023
2856321024
2856368679
2856633421
2856755020
2857082742
2857094190
2857295964
2857339977
2857347249
2857378664
2857470616
2857586743
2857666390
2857858892
2858265659
2858689582
2858733488
2858848343
2858853797
2858997307
2859025902
2859765583
2860053280
2860200876
2860262775
2860330539
2860440760
2860489390
2860515326
2860515327
2860515328
2860515329
2860840328
2860950581
2861253373
2861271596
2861704006
2861727131
2861798226
2861829891
2862296703
2862652669
2862702488
2862862277
2863047424
2863653224
2864377720
2864460723
2864619254
2864709631
2864709632
2865564192
2865713306
2865753881
2865771215
2865834564
2866058003
2866300565
2866630726
2866840938
2867147883
2867335972
2867345198
2867589831
2868105771
2868139045
2868852354
2868903934
2868903935
2868903936
2868903937
2869600900
2870267362
2870286897
2870449079
2870801067
2870874685
2870890652
2871005098
2871679828
2872038141
2872052861
2872382392
2872842054
2873038572
2873098239
2873098240
2873338263
2873397950
2873829822
2873903224
2874184344
2874361372
2874532600
2874708204
2875342379
2875612902
2875769330
2876000398
2876204887
2876387695
2876427604
2876466962
2876499847
2876782912
2877292542
2877292543
2877292544
2877292545
2877611139
2877997822
2878149017
2878680470
2879033501
2879219555
2879410497
2879484027
2879659373
2880132005
2880374056
2880867615
2881137158
2881222113
2881393290
2881452372
2881486847
2881486848
2881889717
2882098245
2882253222
2882338171
2882525510
2882618707
2883019846
2883150027
2883723408
2883833422
2884162422
2884181461
2884197576
2884322853
2884830482
2885102641
2885681150
2885681151
2885681152
2885681153
2885690988
2885740952
2885789103
2885793744
2886064160
2886206959
2886500391
2886789192
2886996108
2887120597
2887517344
2887903940
2888052693
2888107246
2888199990
2888614627
2888832563
2889027203
2889043328
2889258816
2889794594
2889875455
2889875456
2890282020
2890496084
2890498763
2890916898
2891187381
2891333788
2891360153
2891455180
2891494250
2891729821
2892080083
2892308867
2892447698
2892476139
2892631636
2892656733
2892929259
2892990281
2893661396
2893858763
2893916109
2893970685
2893976191
2894069758
2894069759
2894069760
2894069761
2894332702
2894696105
2894995575
2895027634
2895431800
2895724154
2895780430
2895881890
2896299693
2896587775
2896667501
2896774536
2896841411
2897189483
2897547657
2897564644
2897638571
2897838749
2897923856
2898023794
2898264063
2898264064
2898690445
2898718717
2898759633
2898822239
2898823175
2899081370
2899167788
2899296241
2900075605
2900186215
2900192392
2900512103
2900692797
2900972476
2901292355
2901622025
2901709069
2901854080
2902182763
2902301849
2902389144
2902410960
2902458366
2902458367
2902458368
2902458369
2902729445
2902876469
2903069385
2903286415
2903342384
2903534800
2903838773
2903941008
2903973698
2903998721
2904279232
2904341992
2904350915
2904648209
2904714426
2904730133
2904741929
2905129234
2905267233
2905321755
2905483617
2905483875
2905586824
2905599909
2905795635
2905881621
2906121613
2906383989
2906593693
2906636214
2906652671
2906652672
2906927132
2907219904
2907244783
2907260359
2907314860
2907429888
2907593916
2907782638
2908278354
2908314492
2908506596
2908658407
2908843848
2908962325
2909214225
2909417282
2909595821
2909634593
2909643823
2909751028
2909800694
2909992957
2910061739
2910192634
2910389112
2910612601
2910658088
2910846974
2910846975
2910846976
2910846977
2911035072
2911362196
2911581249
2911859625
2912021637
2912089287
2912091187
2912207603
2912562444
2912854549
2913326789
2913349585
2913866386
2914075176
2914078241
2914599586
2914826774
2915041279
2915041280
2915336746
2915519646
2915936910
2916379144
2916569323
2916739173
2916874540
2917017326
2917362259
2917533026
2917674504
2917716815
2917915679
2919102570
2919235582
2919235583
2919235584
2919235585
2919358195
2919952941
2920248487
2920470976
2920773905
2921205804
2921359594
2921390463
2921503993
2921581119
2922040201
2922071395
2922212933
2922509245
2922802398
2923333525
2923429887
2923429888
2923539404
2923882100
2924110255
2924269551
2924471893
2925037249
2925313659
2925791605
2925951232
2926083059
2926823939
2926835490
2927021059
2927179602
2927228961
2927360557
2927624190
2927624191
2927624192
2927624193
2928071702
2928125639
2928715404
2928815767
2928962430
2929531926
2929635716
2929760545
2929802214
2930138900
2930147350
2930370047
2930396892
2930415458
2930599685
2930637890
2930831049
2931063167
2931159889
2931299978
2931314192
2931327309
2931612538
2931733032
2931818495
2931818496
2932300861
2932385131
2932500501
2932606057
2932621383
2932706137
2932732527
2932767578
2933070227
2933292651
2933404119
2933596121
2933602201
2933650968
2933885065
2933985093
2934168886
2934540014
2934591704
2934869941
2934981696
2934988197
2934992582
2935533877
2935609670
2935966831
2936012798
2936012799
2936012800
2936012801
2936020529
2936110790
2936113250
2936153078
2936504287
2936650761
2936743990
2936922034
2937643606
2937814492
2937997094
2938010982
2938110263
2938185607
2938245655
2938290218
2938448931
2938784693
2939127343
2939150542
2939221752
2939437559
2939484249
2939508250
2940207103
2940207104
2940235471
2940273092
2940744831
2940983701
2941065659
2941147731
2941162396
2941949822
2942272703
2942381000
2942414184
2942755560
2942935472
2943173500
2943288209
2943446790
2943750140
2943824669
2944203065
2944317524
2944401406
2944401407
2944401408
2944401409
2945000803
2945554876
2945794339
2946040310
2946249753
2946319124
2946508934
2946660780
2946691850
2946787259
2946852053
2947133543
2947841606
2948267987
2948446560
2948595711
2948595712
2948611228
2948687566
2949013761
2949032603
2949287161
2949287522
2949296477
2949314875
2949435984
2949477174
2949676354
2949722949
2949982736
2950469832
2950489781
2950762461
2950936819
2951518046
2951776198
2952790014
2952790015
2952790016
2952790017
2952813826
2953231271
2953326445
2953560146
2953883775
2953887922
2954111931
2954223414
2954366627
2954424133
2954538850
2955153870
2955158258
2955332459
2955579751
2956227966
2956354990
2956984319
2956984320
2957634053
2957776252
2957810650
2957933855
2958017093
2958681550
2959765423
2960184680
2960299480
2960390335
2960862080
2961178622
2961178623
2961178624
2961178625
2961196931
2961462871
2961551836
2961570568
2961634894
2961643063
2961811094
2961898950
2962139076
2963289836
2963318413
2963380877
2963515156
2963737178
2964101711
2964148867
2964323067
2964341085
2964779589
2964794286
2964864616
2964978310
2965035516
2965372927
2965372928
2965639168
2965914344
2966181041
2966197891
2966213079
2966372659
2966445220
2966690655
2966757415
2966840723
2967115441
2967266669
2967286039
2967739072
2967778644
2968099832
2968157495
2968367556
2968445976
2968903794
2969002955
2969180462
2969319649
2969330538
2969415014
2969567230
2969567231
2969567232
2969567233
2970190577
2970419923
2970625222
2971238710
2971240482
2972378797
2972549314
2972664633
2972726586
2972910243
2972914142
2973585125
2973637176
2973638275
2973761535
2973761536
2974049328
2974162780
2974308800
2974709517
2974803594
2975403930
2975713721
2976322626
2976528540
2976674814
2976735075
2976738512
2976991996
2977589578
2977929429
2977955838
2977955839
2977955840
2977955841
2978002918
2978073461
2978073514
2978238759
2978580243
2978862084
2978867128
2978990719
2979093112
2979104801
2979425953
2979584521
2979718070
2980483603
2981252794
2981616343
2982150143
2982150144
2982557869
2982718721
2982817009
2982979044
2983196200
2983336172
2983360958
2983397032
2983619745
2983731329
2983849082
2983878357
2983890967
2984786910
2984874368
2984965742
2984992664
2985194056
2985345836
2985605000
2985691026
2985741350
2985745915
2986132339
2986306061
2986344446
2986344447
2986344448
2986344449
2986522982
2986544811
2986916494
2986938815
2987125668
2987169184
2987312576
2987520807
2987923035
2988142897
2988529109
2988613972
2989126808
2989806757
2989836610
2989925239
2990442696
2990538751
2990538752
2990748660
2990841756
2990946397
2991033517
2991106133
2991152857
2991233489
2991301862
2991302940
2991661756
2992290819
2992502841
2992592841
2992837934
2993699143
2993733333
2993863555
2993881242
2993944938
2994168107
2994278551
2994323485
2994624748
2994679117
2994692559
2994733054
2994733055
2994733056
2994733057
2994746825
2995241400
2995397870
2995443527
2995478566
2995761743
2995912169
2996021235
2996211163
2996837225
2996864337
2997020345
2997702139
2997773631
2997877733
2998198564
2998473692
2998927359
2998927360
2999715450
2999911546
3000205806
3000404250
3000512634
3000795001
3001259854
3001538453
3001604703
3002047376
3002533838
3002584228
3002902383
3003121662
3003121663
3003121664
3003121665
3003249906
3003588920
3003833978
3004130888
3004180206
3005088882
3005122625
3005366212
3005400577
3005437824
3005806866
3005999389
3006000342
3006465894
3006484104
3006515100
3006801802
3006974745
3007119659
3007153319
3007315967
3007315968
3007511520
3007651646
3007667800
3007795887
3008557647
3008679464
3008808995
3009276554
3009507773
3009855099
3009898836
3010118314
3010499731
3010718045
3011016703
3011245489
3011285112
3011409545
3011476607
3011510270
3011510271
3011510272
3011510273
3011633881
3011768742
3011870839
3012016207
3012670106
3012792252
3013102413
3013365210
3013503914
3014134222
3014178384
3014407627
3014538680
3015349232
3015571081
3015704575
3015704576
3015705658
3016067565
3016140196
3016192698
3016235504
3016425835
3016436587
3016570108
3016591398
3016651891
3016908376
3017327974
3017881293
3018023026
3018113989
3018523602
3018788981
3018956257
3019098436
3019805658
3019898878
3019898879
3019898880
3019898881
3019940952
3019962457
3020203959
3020628335
3020660749
3021053170
3021222789
3021264666
3021344853
3021675986
3022033059
3022211345
3022249566
3022306678
3022504676
3022514866
3022565140
3023145991
3023348354
3023721775
3023874949
3023886868
3024093183
3024093184
3024416341
3024574821
3024760678
3024877981
3024879122
3025030817
3025086011
3025245808
3025371907
3025526990
3025883671
3025952681
3026027333
3026089657
3026622789
3026733813
3026756377
3026885386
3027027367
3027182347
3027616208
3027675094
3028008563
3028287486
3028287487
3028287488
3028287489
3028371966
3028545104
3028587512
3029428651
3029457554
3029494519
3029499543
3029741179
3030295578
3030401626
3030493490
3030504115
3030769376
3030973210
3031205454
3032161829
3032381947
3032472867
3032481791
3032481792
3032582144
3033284338
3033523141
3033571332
3033654616
3033687621
3033908286
3033980522
3034128706
3034362332
3034559352
3034620793
3034991538
3035753845
3035785108
3036127777
3036134066
3036154697
3036550023
3036640141
3036676094
3036676095
3036676096
3036676097
3036889589
3037099032
3037159796
3037197431
3037217581
3037225082
3037253629
3037335882
3037729522
3037781936
3038127308
3038203790
3038314045
3038842297
3038851458
3039067654
3039269048
3039877701
3039883975
3039988612
3040223765
3040582283
3040587732
3040638542
3040870399
3040870400
3040928992
3040929566
3041282262
3041314799
3041786457
3041868503
3042039995
3042646324
3042722272
3042902990
3043863562
3043866764
3044979337
3045064702
3045064703
3045064704
3045064705
3045270043
3045393198
3045713146
3045936571
3046302597
3046607607
3046711337
3046762523
3046838853
3046919934
3047019875
3047083447
3047232107
3047317399
3047840372
3047946004
3047971557
3048291749
3048376660
3048548662
3048841365
3048987497
3049156452
3049259007
3049259008
3049362808
3049379801
3049657675
3049704678
3049839117
3050169180
3050232909
3050589822
3050694970
3050699264
3050721196
3050862304
3051375798
3051380940
3051535196
3051598987
3051607550
3051630841
3051671607
3051973582
3052024512
3052171517
3052180677
3052271789
3052333223
3052431366
3052559389
3052608152
3052644539
3052687475
3052759760
3052855646
3052980621
3053158392
3053273181
3053310280
3053417589
3053432661
3053453310
3053453311
3053453312
3053453313
3054169787
3054426159
3054736601
3054938245
3055157885
3055384851
3055387820
3055898279
3055906871
3056431182
3056963023
3056996957
3057456605
3057532549
3057626619
3057647615
3057647616
3057825318
3057993590
3058086040
3058329605
3058458744
3058516489
3058839874
3059314580
3059816618
3060034491
3060072146
3060608724
3061229358
3061487255
3061600487
3061748462
3061841918
3061841919
3061841920
3061841921
3061971996
3062168822
3062209982
3062650812
3062726784
3063335156
3063457205
3063624661
3063850145
3064390669
3064856104
3064870936
3065184053
3065455350
3065924400
3065984952
3066036223
3066036224
3066084898
3066135421
3067254933
3067259223
3067420409
3068253832
3068280271
3068491942
3068635952
3068659973
3068772628
3068772905
3068802716
3069229646
3069270384
3069767709
3069782362
3069899519
3070042930
3070230526
3070230527
3070230528
3070230529
3070340218
3070422306
3070530586
3070543364
3070557102
3071204513
3071316367
3071569425
3071855167
3072315530
3072679394
3072718559
3072812920
3072908684
3073171016
3073278718
3073425424
3074424831
3074424832
3074659136
3074929300
3075173481
3075352167
3075540317
3075790613
3076000713
3076021883
3076128973
3076294237
3076365545
3076474615
3076829687
3076829871
3076843241
3076889474
3077071528
3077167319
3077217719
3077352875
3077536780
3077971237
3078166706
3078276963
3078277157
3078355249
3078585391
3078619134
3078619135
3078619136
3078619137
3078668728
3078974685
3079628926
3079718614
3079761210
3080096129
3080667215
3080942354
3081306359
3081588317
3082001686
3082091468
3082603853
3082779331
3082792896
3082813439
3082813440
3083017384
3083083507
3083195531
3083220255
3083318891
3083424778
3084204233
3084422650
3084433734
3084657668
3084826726
3084862304
3084975450
3085109913
3085156693
3085206652
3085307102
3085338312
3085376094
3085862263
3085995876
3086123660
3086206998
3086330785
3086541927
3086572047
3086900306
3086997726
3087007742
3087007743
3087007744
3087007745
3087698938
3087954313
3088130815
3088767576
3089028650
3089102775
3089120957
3089134525
3089156037
3089278324
3089383613
3089457425
3089618570
3089656906
3089971384
3089980633
3090383527
3090556591
3090560798
3090619611
3090940220
3090990498
3090998547
3091049157
3091202047
3091202048
3091283135
3091453226
3091512874
3091612637
3091859113
3092103870
3092573747
3092601084
3093464409
3093716411
3093760175
3093803779
3094079593
3094096946
3094310747
3094542789
3094593231
3095396350
3095396351
3095396352
3095396353
3095469736
3095475978
3095841243
3096047947
3096203977
3096302197
3096349970
3096591809
3097185091
3097193163
3097678496
3097714994
3097831173
3098066644
3098102510
3098109456
3098245570
3098526836
3098879210
3098886932
3099383609
3099565608
3099590655
3099590656
3099771529
3100008245
3100091254
3100269444
3100301324
3100728346
3100869479
3100933102
3101043446
3101275274
3101644721
3102019991
3102044830
3102264709
3102323503
3103201962
3103258491
3103784958
3103784959
3103784960
3103784961
3103853548
3104069530
3104168523
3104391078
3104399414
3104822579
3105191169
3105388353
3106141920
3106144478
3106200192
3106355587
3106355656
3106411124
3106663427
3106913368
3107537616
3107682163
3107979263
3107979264
3108090758
3108206884
3108368063
3108578433
3108591284
3108711681
3108812273
3108860247
3108871460
3109306501
3109402821
3109574396
3109588581
3109705444
3109884578
3109975964
3110306671
3110682657
3111029357
3111201702
3111602245
3111661983
3111732163
3111806007
3111844585
3112130226
3112173566
3112173567
3112173568
3112173569
3112220913
3112879058
3113092030
3113252611
3113288859
3114057482
3114316996
3114375517
3114380406
3114513014
3114747385
3115015559
3115324665
3115708822
3115947805
3116154380
3116367871
3116367872
3116599956
3116697070
3116725719
3116853704
3117461745
3117518915
3118298742
3118566712
3118676451
3118899109
3119032998
3119766258
3119846486
3119889342
3120028570
3120562174
3120562175
3120562176
3120562177
3120912654
3121002075
3121045826
3121160924
3121357312
3121507222
3121601046
3121684967
3121903394
3121966171
3121981054
3122035261
3122436612
3122664021
3122929319
3123061090
3123068510
3123087508
3123238078
3123375879
3123561983
3123686980
3123692186
3124280632
3124756479
3124756480
3125291263
3125436003
3125671495
3125798134
3125921617
3126120991
3126153050
3126159052
3126296815
3126498459
3126744464
3126761909
3127250193
3127325258
3127924295
3127931742
3128515639
3128823218
3128851404
3128950782
3128950783
3128950784
3128950785
3129004248
3129215329
3129312547
3129327457
3129466613
3129486029
3129754377
3130427695
3130640009
3130641099
3130819701
3131048809
3131568394
3131691117
3131768553
3131795453
3131983983
3131984912
3132146892
3133145087
3133145088
3133543773
3133655751
3133707601
3133800128
3133806524
3134466857
3134545471
3134917596
3135201268
3135558546
3135577127
3135786999
3135789066
3135835346
3136202446
3136455196
3136482259
3136866194
3137082012
3137174138
3137192061
3137204459
3137217977
3137333861
3137339390
3137339391
3137339392
3137339393
3137567491
3137577629
3137841335
3138370313
3138398082
3138684226
3138694109
3138736428
3139107062
3139153311
3139341916
3139396591
3139566880
3139819714
3140598330
3141038736
3141402450
3141456833
3141533695
3141533696
3142137205
3142400057
3142429116
3142439020
3142617992
3142993862
3143308574
3143412785
3143473087
3143986224
3144299547
3144338914
3144517739
3144890993
3145130560
3145160079
3145241319
3145294107
3145561636
3145628915
3145727998
3145727999
3145728000
3145728001
3145969734
3146390330
3146397986
3146438641
3146527746
3146596082
3146728036
3147559970
3147593393
3148023573
3148211509
3148249334
3148332826
3148468853
3148935258
3149024380
3149101083
3149209567
3149255480
3149297883
3149377038
3149418800
3149670809
3149683263
3149922303
3149922304
3149961175
3150017836
3150060669
3150181464
3150259894
3150724399
3150880869
3150898229
3150922794
3151030025
3151056682
3151158426
3151220653
3151271925
3151321613
3151359263
3151685199
3151692310
3151763264
3152538423
3152692833
3152893288
3152940639
3153319450
3153384633
3153714070
3153740049
3154032814
3154116606
3154116607
3154116608
3154116609
3154437622
3155014306
3155118693
3155232747
3155308080
3155939816
3156209574
3156260947
3156300788
3156307173
3156404646
3156575609
3156614082
3156812707
3156826752
3156922048
3157114060
3157777214
3158175593
3158238904
3158310911
3158310912
3158360414
3158778528
3159308385
3159339221
3159886740
3160270904
3160413717
3160415245
3160573205
3160665282
3160757596
3161613271
3161699452
3161742329
3162008358
3162073379
3162256026
3162464527
3162505214
3162505215
3162505216
3162505217
3162770928
3162947250
3163649154
3164009863
3164012024
3164032338
3164062706
3164182444
3164389529
3164498660
3164610968
3165093451
3166027004
3166374272
3166560127
3166647774
3166699519
3166699520
3167253938
3167604969
3167944604
3167996247
3168054762
3168704679
3168891903
3169247149
3169268647
3169391997
3169509847
3169621202
3170799065
3170893822
3170893823
3170893824
3170893825
3171065493
3171674104
3171939515
3171951691
3172173417
3172750259
3172918866
3172936131
3173038921
3173083708
3173209362
3173265049
3173353604
3173907727
3174264769
3174295765
3174327846
3174772289
3174824767
3175088127
3175088128
3175121539
3175392835
3175530284
3175568961
3175771126
3176017283
3176082567
3176099908
3176379001
3176650882
3177047768
3177176025
3177254025
3177549734
3177722809
3177758869
3177929231
3177960685
3178210489
3178217269
3178306759
3178506611
3178784783
3179032124
3179049300
3179064258
3179189601
3179246536
3179282430
3179282431
3179282432
3179282433
3179291452
3179591390
3179648634
3179724545
3180015497
3180022844
3180139350
3180203492
3180421571
3180649147
3181574909
3181936935
3182085008
3182338143
3182531003
3183085917
3183098783
3183171561
3183409169
3183476735
3183476736
3183488748
3183711844
3183916578
3184053481
3184473977
3184617900
3185077593
3185201629
3185231083
3185319866
3185671337
3185821895
3185875080
3185971424
3186257939
3186286369
3186342966
3186602652
3186627563
3186703224
3187671038
3187671039
3187671040
3187671041
3187739063
3187787903
3187884725
3188107834
3188132950
3188221363
3188244672
3188325451
3188427534
3188502468
3189162058
3189393282
3189612892
3189863484
3189868287
3190035872
3190035899
3190184372
3190351769
3190465254
3191010235
3191486562
3191503704
3191674851
3191683312
3191865343
3191865344
3192298537
3192423716
3192562476
3192641888
3192819237
3192890898
3193156950
3193790242
3193830064
3194001460
3194013809
3194283022
3194334208
3194484846
3194564941
3195206130
3195626198
3195721581
3195785830
3195829852
3195867357
3195948237
3195970467
3195980001
3196059646
3196059647
3196059648
3196059649
3196729140
3196757196
3197069602
3197204994
3197575839
3197617067
3198233537
3198266964
3198412596
3198510413
3198996056
3199070019
3199766148
3199877692
3200012002
3200080373
3200253951
3200253952
3200377767
3200450361
3200653515
3200854738
3200989015
3201415368
3201467071
3201473294
3201666166
3202037608
3202316083
3202500751
3202509715
3203001970
3203333459
3203347876
3203449938
3203826993
3203836089
3203979280
3204105778
3204448254
3204448255
3204448256
3204448257
3204461210
3204827346
3205113054
3205120408
3205273365
3205637762
3205784111
3205814618
3206300136
3206338097
3207038741
3207138077
3207217484
3207364972
3207512637
3207658633
3207677433
3208175821
3208317163
3208642559
3208642560
3208707314
3208786434
3208975339
3209099735
3209282865
3209703641
3209718049
3209721254
3210070344
3210077393
3210090567
3210200209
3210533883
3210808538
3211238901
3211384977
3211876829
3212267955
3212728385
3212775271
3212836862
3212836863
3212836864
3212836865
3213077039
3213648816
3213652648
3214092811
3214246871
3214274210
3214664998
3214770904
3214788821
3214925671
3215065942
3215316876
3215442299
3215641150
3215917371
3215970895
3216429832
3216542935
3216579904
3217031167
3217031168
3217743768
3217995689
3218174708
3218403014
3218442699
3218657075
3218666016
3218681321
3219251667
3219257155
3219375262
3219459716
3219796825
3220007446
3220040892
3220220658
3220262295
3220644515
3221123979
3221225470
3221225471
3221225472
3221225473
3221405826
3221658771
3222511632
3222547181
3222595957
3222685101
3222751928
3223134955
3223236198
3223459182
3223470183
3223639260
3223701213
3224319919
3224953096
3225419775
3225419776
3225685136
3226375103
3226489792
3227512887
3227662245
3227666678
3227785676
3228363525
3228444636
3228571890
3228631875
3228874277
3228917299
3228955973
3229480361
3229614078
3229614079
3229614080
3229614081
3229683522
3230133620
3230200744
3230764847
3230871826
3230891491
3231077847
3231118002
3231165553
3231546363
3231630929
3231671628
3231814398
3231861169
3231881716
3231967642
3232005639
3232167806
3232596070
3232611767
3232663918
3233344498
3233747338
3233808383
3233808384
3233915874
3234469361
3234531651
3234555932
3234575947
3235056997
3235073778
3235211005
3235391927
3235848282
3235850977
3235856847
3235904113
3235948306
3235978241
3235997207
3236004261
3236344186
3236879028
3236922705
3237210298
3237509971
3238002686
3238002687
3238002688
3238002689
3238057653
3238114210
3238381337
3238518828
3238547087
3238899159
3239350754
3239826772
3240053555
3240072705
3240453691
3240837631
3240900361
3241671142
3241864925
3241984589
3242196991
3242196992
3242336906
3242389471
3242576357
3242585712
3242685489
3242824010
3242864014
3242894693
3243263509
3243646803
3243939440
3244175027
3245027065
3245040362
3245192096
3245858798
3246036856
3246231492
3246391294
3246391295
3246391296
3246391297
3246454391
3246660036
3246838148
3246847117
3247095947
3247442244
3247751902
3248590161
3248619149
3248817038
3249290705
3249744819
3249836537
3249954864
3250218113
3250355548
3250382052
3250388275
3250585599
3250585600
3251202536
3251315509
3251364060
3251591107
3251699029
3252073971
3252178078
3252220037
3252280083
3252287429
3252328105
3252903393
3252988154
3253229347
3253633817
3253880864
3254173191
3254217846
3254281253
3254355191
3254725680
3254779902
3254779903
3254779904
3254779905
3254990673
3255107075
3255207063
3255731362
3255911358
3256416290
3256899206
3257073618
3257303796
3257546336
3257599303
3257659838
3258031281
3258056777
3258215936
3258739332
3258871987
3258974207
3258974208
3258975758
3259020866
3259067344
3259383672
3259448369
3259631051
3259756582
3259962117
3260058012
3260098556
3260646504
3260850984
3261094485
3261372479
3261588844
3261958261
3262565956
3262609620
3263165795
3263168510
3263168511
3263168512
3263168513
3264180607
3264707748
3264875133
3264969061
3264994286
3265059424
3265321678
3265578533
3265660056
3265998639
3266224640
3266787669
3267304228
3267362815
3267362816
3267421057
3267431203
3267463451
3267495324
3267706444
3267821501
3267837047
3268307703
3268322638
3268524027
3268625970
3268674613
3268683444
3269700302
3269939738
3270465213
3270610888
3270868302
3271211440
3271219401
3271264073
3271350659
3271382282
3271392793
3271458550
3271557118
3271557119
3271557120
3271557121
3271972365
3272404231
3272407508
3272439649
3272444329
3272893508
3273289211
3273480764
3274040235
3274250678
3274396020
3274676815
3274957637
3275751423
3275751424
3275893696
3276006202
3276028823
3276189984
3276354374
3276405035
3276436009
3276580950
3276807791
3276970192
3276985911
3277497704
3277568861
3277839071
3277951339
3278141260
3278195393
3278517735
3278774486
3278928341
3278939211
3278979404
3279051981
3279440891
3279543916
3279810980
3279838038
3279945726
3279945727
3279945728
3279945729
3280179667
3280711709
3281783496
3281831539
3281843501
3281857627
3281931471
3282049463
3282783005
3282926742
3282956733
3283144029
3283259425
3283387486
3283401019
3283712655
3283794323
3283905031
3284013909
3284111582
3284140031
3284140032
3284205662
3284500010
3284523382
3284682627
3284713456
3285492079
3285523967
3285804609
3286147820
3286959681
3287130572
3288189197
3288334334
3288334335
3288334336
3288334337
3288738058
3289440893
3289642577
3289907768
3289987848
3290062138
3290121091
3290621183
3290848782
3291189333
3291314593
3291485315
3291803913
3291929296
3292310019
3292528639
3292528640
3292969309
3293726656
3294189206
3294200812
3294344158
3294833665
3295070544
3295614586
3295834604
3296289505
3296310362
3296666399
3296696912
3296722942
3296722943
3296722944
3296722945
3297146620
3297190118
3297812662
3298046422
3298155140
3298243067
3298879246
3298972772
3299476356
3299489453
3299820858
3300018204
3300055041
3300682824
3300778647
3300917247
3300917248
3301574793
3301618091
3301627725
3302007438
3302053542
3302163219
3302409413
3302499727
3302530258
3302957974
3303003071
3303146962
3303227170
3303268970
3303647254
3304007785
3304017337
3304117565
3304537250
3304719225
3304833094
3304981530
3305111550
3305111551
3305111552
3305111553
3305469644
3305656760
3305816462
3306412790
3306782649
3306924616
3306955413
3307201366
3307269591
3307375180
3307890954
3307943086
3308241666
3308410362
3308766173
3308913596
3309117469
3309154676
3309305855
3309305856
3309838669
3310433468
3311342010
3311353452
3311717171
3312020964
3312557311
3313127002
3313364993
3313426058
3313500158
3313500159
3313500160
3313500161
3314098952
3314437913
3314698847
3314981116
3315106448
3315531299
3315700495
3315717700
3315755492
3315761255
3316225238
3316287210
3316545986
3317249459
3317526475
3317694463
3317694464
3318135382
3318167441
3318197392
3318204189
3318464199
3318656917
3319378714
3319389980
3319409283
3319743396
3319857211
3319913389
3320208134
3320984406
3321473474
3321763803
3321888766
3321888767
3321888768
3321888769
3322113915
3322546188
3322691018
3322787764
3322795340
3322901351
3322992583
3323489847
3323571126
3323662763
3324154274
3324626293
3324640513
3324760499
3324786520
3324866373
3324933448
3325078337
3325124782
3325173258
3326028196
3326083071
3326083072
3326430980
3326462984
3326536960
3326693960
3326938077
3327358721
3327556921
3327610702
3327625906
3327660827
3327840085
3328138269
3328290169
3328622343
3328726672
3329240593
3329361728
3329477197
3329669339
3329719135
3330017119
3330277374
3330277375
3330277376
3330277377
3330506319
3330777443
3331053200
3331163671
3331335739
3331440034
3331656493
3332406892
3332471037
3332598686
3332758390
3332888048
3332930958
3333091914
3333193028
3333218664
3333324455
3333524214
3334009736
3334100256
3334188214
3334430772
3334471679
3334471680
3335758114
3336028793
3336090966
3336568365
3337557853
3338036114
3338141449
3338311863
3338369791
3338665982
3338665983
3338665984
3338665985
3338769259
3338840013
3338944504
3338977172
3339602714
3339710976
3339880595
3340102576
3340983285
3341179297
3341407596
3341490691
3341539935
3341596762
3341675472
3341693662
3341701117
3341866375
3342149577
3342344190
3342407643
3342572666
3342860287
3342860288
3342885056
3343255891
3343666836
3343726972
3343892874
3343933942
3344087422
3344251329
3344310628
3344542790
3344614725
3344686825
3344723039
3344746102
3344868274
3345164184
3345227668
3345271994
3345495568
3345548507
3345665617
3346187644
3346270184
3346310759
3346503161
3346552136
3346560787
3346633909
3346938611
3347054590
3347054591
3347054592
3347054593
3347120450
3347202123
3347472493
3347720093
3347953420
3348061339
3348062697
3348301284
3348389417
3348998218
3349398784
3349628170
3349911433
3349926226
3349936783
3350055467
3350066484
3350097701
3350204327
3350379380
3350627226
3350914443
3351111148
3351235089
3351248895
3351248896
3351512051
3351792439
3352096702
3352171070
3352370488
3352708707
3353138210
3353340538
3353363427
3353442737
3353807636
3353874429
3353948439
3354443594
3354511834
3354546133
3354835617
3355443198
3355443199
3355443200
3355443201
3355675504
3355992809
3356008643
3356226758
3356352401
3356585202
3356727348
3357036450
3357058225
3357196179
3357402035
3357449142
3357759005
3357796169
3358255074
3358505735
3358816972
3358928244
3359101348
3359324076
3359487547
3359527570
3359637503
3359637504
3360044783
3360061603
3360092585
3360157374
3360201960
3360411048
3360734047
3360834836
3360854869
3361251049
3361854325
3361863756
3361900339
3362306388
3362431926
3363155650
3363596637
3363707281
3363749110
3363821394
3363831806
3363831807
3363831808
3363831809
3364230622
3364317238
3364361785
3364573245
3364756847
3365627392
3366175098
3366227786
3366329207
3366340148
3366747370
3367036291
3367502752
3367604492
3367776797
3368026111
3368026112
3368363786
3368412336
3368659379
3368684488
3368848267
3369163401
3369422673
3369643278
3369647075
3369838335
3369901317
3369913022
3370044999
3370238131
3370717417
3370878052
3370933875
3371127390
3371565816
3371609371
3371909290
3372220414
3372220415
3372220416
3372220417
3372401999
3373188380
3373375446
3373569853
3373665194
3373750428
3373781636
3374382343
3374571680
3374634765
3374924316
3374939663
3375215500
3375305352
3375422755
3375447947
3375470619
3375944411
3375995108
3376150689
3376196393
3376277468
3376307886
3376346762
3376355229
3376414719
3376414720
3376509282
3376833213
3377020393
3377097441
3377113574
3377490492
3377504929
3377512052
3377668587
3377770403
3377776834
3378188275
3378217096
3378228968
3378355238
3378819172
3378980284
3379301870
3379697938
3379828302
3380017259
3380205967
3380407323
3380609022
3380609023
3380609024
3380609025
3380689258
3381156742
3381172631
3381209172
3381423223
3381475660
3381491702
3381809408
3381871112
3381983414
3382311552
3382372403
3382595340
3383018125
3383038618
3383362060
3383599409
3383979632
3384247065
3384248537
3384340146
3384599239
3384803327
3384803328
3384875150
3385228378
3385704361
3385790300
3385794558
3385898660
3385938249
3386100787
3386207106
3386249453
3386760043
3386993716
3387781171
3387894760
3387928549
3388076651
3388088214
3388224541
3388518876
3388646215
3388765737
3388997630
3388997631
3388997632
3388997633
3389028158
3389062561
3389282592
3389676157
3389826396
3389918680
3390133573
3390596629
3390609145
3390610101
3390646365
3390714930
3390733960
3390825617
3391364632
3391776739
3392220726
3392525421
3392631844
3392678701
3392862229
3392901488
3392906445
3392978328
3393021587
3393129770
3393133777
3393191935
3393191936
3393376128
3393439587
3393549860
3393628382
3393674037
3393758777
3394296072
3394476290
3394565004
3394579813
3394732167
3394840179
3395100905
3395502385
3395558302
3395649037
3396348712
3396630593
3397056456
3397276638
3397386238
3397386239
3397386240
3397386241
3397466086
3397602309
3397831771
3398242000
3398744468
3399201558
3399370671
3399477381
3399628596
3399673222
3399740446
3400057513
3400683000
3400776098
3401030824
3401116292
3401123675
3401139878
3401181296
3401580543
3401580544
3401715551
3401728821
3401767339
3402801197
3403021334
3403033090
3403569757
3403624816
3404212478
3404576085
3404654196
3404808843
3404881311
3405069850
3405249848
3405303862
3405774846
3405774847
3405774848
3405774849
3406083149
3406095089
3406348607
3406999549
3407000861
3407233528
3407252764
3407479659
3407554180
3407741185
3408103792
3408111534
3408238972
3408263591
3408348762
3408378635
3408381407
3408922525
3409389928
3409408983
3409508346
3409613143
3409780312
3409919309
3409969151
3409969152
3410209207
3410262795
3410329057
3410548102
3410812425
3410839649
3411447643
3411731553
3411824811
3411857243
3411983840
3412073629
3412312456
3412968050
3413121721
3413231848
3413547301
3413872367
3413908673
3413982609
3414060300
3414122278
3414163454
3414163455
3414163456
3414163457
3414329782
3414701369
3414861368
3415726612
3415793905
3415807391
3416039530
3416095042
3416308309
3416383530
3416388169
3416852214
3416883619
3417275981
3417353311
3417850680
3418093950
3418131274
3418357759
3418357760
3418393667
3418439096
3418724519
3418757464
3419128128
3419152024
3419157431
3419231479
3419323270
3419342918
3419935797
3419941322
3420221118
3420481490
3421206199
3421422596
3421834763
3421847701
3421932290
3422439471
3422552062
3422552063
3422552064
3422552065
3422851396
3422922597
3423300769
3423316375
3423498670
3423498893
3423545814
3423591338
3424332028
3424880680
3425454126
3426125312
3426207358
3426321463
3426419154
3426566293
3426608721
3426746367
3426746368
3427002840
3427054667
3427243804
3427371923
3428013585
3428308717
3428677616
3428768344
3429006397
3429122006
3429868252
3429904000
3430283196
3430940670
3430940671
3430940672
3430940673
3431170403
3431313252
3431434217
3431484935
3431530812
3431739890
3431764426
3431910487
3431953958
3432318931
3432588714
3432939925
3433315393
3433422909
3433522160
3433827390
3433827582
3433859909
3433935107
3434024413
3434315521
3434327171
3434453095
3434542689
3434741467
3434768731
3435134975
3435134976
3435320049
3435384713
3435569666
3435742381
3436528063
3436835756
3436936000
3436957033
3437048881
3437186469
3437209825
3437336577
3437601267
3439220415
3439243259
3439285110
3439329278
3439329279
3439329280
3439329281
3439503825
3439586641
3439823738
3440097726
3440141299
3440937117
3441532173
3442336236
3442531183
3442546543
3443322937
3443523583
3443523584
3444149888
3445052340
3445309843
3445357164
3445380474
3445668709
3445738690
3446819372
3447281006
3447435114
3447513642
3447717886
3447717887
3447717888
3447717889
3447928834
3448804080
3448961013
3448973016
3449404200
3449436039
3449599588
3449681512
3450176387
3450222204
3450319479
3450389525
3450455977
3450565228
3450655965
3450965163
3451182806
3451473850
3451884254
3451894812
3451912191
3451912192
3451937151
3452158475
3452266434
3452621035
3452643152
3452845744
3453452423
3453460305
3453610030
3453736829
3453825243
3453843938
3454048082
3454090288
3454211580
3454412117
3454420476
3454657235
3454735002
3454900411
3454926069
3455148460
3455238237
3455559684
3455706752
3455817735
3455902236
3455960180
3456106494
3456106495
3456106496
3456106497
3456598249
3456706465
3457011497
3457507245
3457766897
3458230934
3459123237
3460109952
3460142598
3460246724
3460300799
3460300800
3460590437
3461348595
3461932667
3462079880
3462310592
3462654469
3462839687
3463108196
3463410326
3463433201
3463493974
3463539389
3463779704
3463899614
3463899732
3463941254
3464223090
3464495102
3464495103
3464495104
3464495105
3464804843
3464888332
3465418360
3465449005
3465898155
3466336151
3466446948
3466544662
3466624543
3466626783
3466832399
3467105965
3467340109
3467525121
3467861746
3467975854
3468228785
3468521069
3468569859
3468689407
3468689408
3468759596
3468994547
3469440331
3469569691
3470275374
3470764829
3471246783
3471260831
3471858508
3471927347
3471994186
3472302337
3472303543
3472726871
3472756811
3472883710
3472883711
3472883712
3472883713
3472990992
3473098565
3473692833
3473722077
3473949492
3474059372
3474090061
3474317011
3474713411
3474749221
3474970239
3475021256
3475043105
3475178311
3475324185
3475473643
3475762811
3475861741
3475903202
3476146393
3476352111
3476399313
3476565678
3476632126
3476836450
3476854107
3476973422
3476974569
3476986719
3477078015
3477078016
3477226953
3477243968
3477414910
3477484765
3477510182
3477562953
3477943770
3478261230
3478889515
3479441121
3479475572
3479482563
3479703317
3480527193
3480775114
3480952639
3481247942
3481272318
3481272319
3481272320
3481272321
3481515582
3481650660
3481783935
3481995748
3482115068
3482161037
3482567763
3482734906
3482880536
3482905165
3483154423
3483400067
3483771239
3483978340
3484024554
3484172203
3484443777
3484714051
3484765293
3484783673
3484900180
3485028208
3485135751
3485228512
3485323695
3485466623
3485466624
3485516833
3485537485
3485703482
3486371069
3486631009
3486639246
3487200815
3487439574
3487589478
3487933508
3488638386
3488719044
3489448990
3489660926
3489660927
3489660928
3489660929
3489693039
3489695078
3489869670
3490098978
3490233752
3490568487
3490947726
3490954041
3491011026
3491287031
3491298651
3491420513
3491448403
3491663032
3492087616
3492105480
3492198858
3492221439
3492584555
3492684905
3492712572
3492780662
3492804214
3492912898
3492948843
3493153192
3493560810
3493604925
3493855231
3493855232
3494011328
3494016746
3494206376
3494311609
3494449651
3494790137
3495613865
3495707457
3495988175
3496108243
3496368602
3496504717
3496553206
3496851025
3496928095
3496969315
3497623235
3497729465
3498049534
3498049535
3498049536
3498049537
3498685821
3498701218
3498974585
3499297757
3499406487
3499688920
3500275301
3500755111
3500973918
3501016356
3501049143
3501237612
3501450709
3501497773
3501720461
3501982278
3502243839
3502243840
3502659812
3502745550
3503001486
3504074964
3504126713
3504574250
3505431747
3505950709
3505986939
3506344667
3506438142
3506438143
3506438144
3506438145
3506508816
3506689541
3507195864
3507200873
3507308345
3507347082
3507559019
3507616785
3507853004
3507871191
3509030733
3509129692
3509611936
3509622792
3509728968
3509746501
3509849100
3510047441
3510349669
3510632447
3510632448
3510633994
3510774702
3511081669
3511209371
3511752543
3511775444
3511903030
3512056267
3512114700
3512267362
3512310615
3512404085
3512469861
3512775962
3512821399
3512840316
3514087545
3514246878
3514826750
3514826751
3514826752
3514826753
3515163088
3515185577
3515249887
3515286959
3515624564
3515637269
3515728703
3515736319
3515798708
3515874185
3515928431
3516077870
3516966573
3517122476
3517163395
3517170569
3517273538
3517561111
3517667871
3517981603
3517983365
3518011891
3518271173
3518395516
3518648525
3518690138
3518989913
3519021055
3519021056
3519375611
3519694091
3519784926
3520095112
3520606851
3520844057
3522146507
3522222249
3522988324
3522996162
3523068028
3523215358
3523215359
3523215360
3523215361
3523360700
3523895446
3523918509
3524221255
3524528029
3524644170
3525692610
3525756649
3525903607
3525953415
3526096394
3526450066
3526661498
3527204368
3527238560
3527409663
3527409664
3527973649
3528109421
3528341531
3528426545
3528918877
3529313299
3529655410
3529658965
3529775528
3530044051
3530052475
3531228576
3531347068
3531411409
3531455740
3531513879
3531584951
3531603966
3531603967
3531603968
3531603969
3532013817
3532144750
3532301749
3532506693
3532646678
3532762168
3533115448
3533522317
3533786572
3533926196
3534575456
3534723360
3535245357
3535371885
3535551019
3535798271
3535798272
3535900388
3536272419
3536278122
3536294181
3536410615
3536412017
3536712238
3537069484
3537231753
3537269516
3537585880
3537776276
3538018112
3538075441
3538397617
3538632005
3538718942
3538827101
3538943191
3539301223
3539472430
3539487957
3539992574
3539992575
3539992576
3539992577
3540176033
3540243340
3540245862
3540535028
3540627757
3540893513
3541589603
3541966697
3541994467
3542362054
3542405592
3542655618
3542846027
3542991940
3543136604
3543185437
3543458364
3543588304
3543657584
3543735440
3544186879
3544186880
3544256003
3545054955
3545246979
3545395690
3545439862
3545507934
3545943926
3546110895
3546451565
3546596951
3546625634
3546626963
3546847462
3547368931
3547505729
3547508948
3547557707
3547830821
3548280368
3548381182
3548381183
3548381184
3548381185
3548454464
3548835192
3549465831
3549556302
3550174223
3550456981
3550637114
3551171804
3551493075
3552182034
3552545804
3552575487
3552575488
3552675470
3552676734
3552687510
3552766585
3552966381
3553056700
3553190152
3553293711
3553341089
3554465386
3554652868
3554704215
3554773425
3554930989
3555114782
3555129294
3555153667
3555686154
3555719844
3555787836
3556009557
3556012575
3556150956
3556178341
3556389985
3556769790
3556769791
3556769792
3556769793
3556802418
3557209463
3557392414
3557560012
3558789601
3559244802
3559255561
3559446184
3559825649
3559931764
3560039447
3560478242
3560509792
3560964095
3560964096
3561232293
3561684357
3562115162
3562655794
3562899721
3563220258
3564330506
3564363594
3564386245
3564399093
3565158398
3565158399
3565158400
3565158401
3565374152
3565442978
3565461697
3565631982
3565872086
3565883111
3566284260
3566512039
3566543907
3566600105
3566615785
3567057767
3568369712
3568789115
3568905936
3569253784
3569352703
3569352704
3569427616
3569537700
3569624223
3569680960
3569731511
3569892079
3570017603
3570293842
3570374785
3570685413
3570840139
3570893022
3571014671
3571068250
3571168452
3571392551
3571472189
3571472304
3571573526
3571657966
3571757882
3571916526
3572996181
3573547006
3573547007
3573547008
3573547009
3573866900
3574114459
3574258994
3574303982
3574521203
3574657418
3574998444
3575011564
3575029386
3575068036
3575173803
3575198327
3575260095
3575640604
3575993398
3576460425
3576792648
3577626087
3577741311
3577741312
3578040928
3578079028
3578167615
3578277489
3578604672
3579265116
3579823796
3579966151
3580009469
3580020112
3580813689
3581207169
3581935614
3581935615
3581935616
3581935617
3581982342
3582264820
3582818759
3583480516
3583968893
3584152143
3584663990
3585006692
3585011512
3585250211
3585361640
3585858137
3585907658
3586129919
3586129920
3586749009
3586881761
3587227415
3587396744
3587472659
3587558432
3587559124
3587928283
3588107028
3588603880
3589348857
3589757075
3589953404
3590324222
3590324223
3590324224
3590324225
3590405176
3590429705
3590756806
3590761826
3590792409
3590923938
3591212190
3591216594
3591226191
3591338681
3591897438
3592098565
3592401723
3592810893
3592816613
3592977540
3593150101
3593182534
3593679833
3593787023
3593925800
3594168119
3594518527
3594518528
3594901340
3595265549
3595328411
3595408048
3595492842
3595512965
3595532891
3595666630
3595694926
3596041446
3596043528
3596580732
3596627802
3597003046
3597217807
3597301250
3597505337
3597634046
3597638247
3598037711
3598482009
3598712830
3598712831
3598712832
3598712833
3598881720
3598960876
3599139846
3599169431
3599292874
3599330225
3599345837
3599379698
3600080217
3600373597
3600486336
3600734788
3600837589
3601140174
3601154779
3601196448
3601666672
3601763232
3601972607
3602034784
3602177511
3602209940
3602314499
3602490097
3602759255
3602907135
3602907136
3603895252
3604028173
3604092847
3604243297
3604301713
3604341174
3605207276
3605316659
3605699718
3605846867
3605910349
3605940331
3606007712
3606046371
3606692961
3606920385
3606950692
3607101438
3607101439
3607101440
3607101441
3607104341
3607112549
3608068933
3608102628
3608332009
3608521652
3608636708
3608965768
3609023904
3609066768
3609691282
3609713141
3609769432
3610110204
3610186463
3610223769
3610249640
3610451142
3610751564
3610892126
3610894039
3611242971
3611295743
3611295744
3611440814
3611596308
3611764269
3612079326
3612093965
3612140800
3612374862
3612598428
3612894425
3613927607
3613994073
3614068970
3614112879
3614132550
3614286074
3614955577
3615265198
3615490046
3615490047
3615490048
3615490049
3615905512
3616009574
3616063516
3616176393
3616238946
3616545893
3617222921
3617266910
3617411862
3617476805
3617547816
3617698559
3618259347
3618266419
3618416416
3618709623
3618935049
3619367359
3619615417
3619641463
3619684351
3619684352
3619900338
3620173663
3620366127
3620477171
3620561490
3620693664
3621013102
3621423753
3621556668
3621958798
3621991242
3621997151
3622015634
3622088300
3622294116
3622718818
3622884227
3623062002
3623064013
3623132200
3623878654
3623878655
3623878656
3623878657
3623959818
3623999978
3624192436
3624247858
3624320671
3624414534
3624829183
3624939165
3625096603
3625248423
3625355739
3625441863
3625704884
3626562322
3627048478
3627140933
3627290609
3627417705
3627565559
3628072959
3628072960
3628316806
3628779730
3629467111
3629485132
3629586085
3629684236
3629707821
3629860242
3630340914
3630743781
3630897142
3630958005
3631302905
3631450947
3631509830
3631950528
3632267262
3632267263
3632267264
3632267265
3632662871
3632883993
3633827100
3633997287
3634342282
3634723117
3634744793
3634826448
3634971241
3635134131
3635286133
3635674826
3635758681
3636055183
3636365930
3636461567
3636461568
3636526378
3636732049
3636992105
3637045989
3637051264
3637117282
3637147684
3637154000
3637579551
3638083589
3638194601
3638208103
3638256650
3638535257
3638598826
3638726519
3639782327
3639874070
3640115812
3640128836
3640253907
3640362976
3640464546
3640631191
3640655870
3640655871
3640655872
3640655873
3641087851
3641107666
3641117968
3641811796
3642386276
3642491157
3642774819
3642788498
3642799317
3643147131
3643598844
3643767194
3643816721
3643879087
3644680023
3644714566
3644850175
3644850176
3645004899
3645357488
3645461309
3645863074
3645916801
3646562505
3646964940
3647316918
3647467887
3647475827
3647610422
3648334801
3648509912
3648575973
3648648423
3648881624
3649044478
3649044479
3649044480
3649044481
3649474110
3649778463
3650173773
3651013734
3651228044
3651265439
3651289673
3651438960
3651613584
3651642328
3651702599
3651790802
3651986649
3652174553
3652277432
3652396291
3652927290
3653078607
3653224853
3653238783
3653238784
3653453621
3653824360
3654033277
3654160752
3654275356
3654420400
3654627799
3654804850
3655078644
3655117336
3655290977
3655339368
3655651412
3655755097
3656040562
3656064378
3656791552
3656822666
3656869331
3656995207
3657022868
3657433086
3657433087
3657433088
3657433089
3657495619
3657556376
3657652759
3657867977
3658219891
3658434257
3658721760
3658797753
3658848264
3659091025
3659491114
3659704381
3659889988
3659948092
3660136499
3660321612
3660738745
3661018047
3661201181
3661204960
3661627391
3661627392
3661893157
3662064824
3662424874
3662820785
3662888251
3663282987
3663548010
3663784100
3663870874
3665170811
3665425910
3665562500
3665821694
3665821695
3665821696
3665821697
3665896182
3665925301
3666304497
3666304591
3666574007
3666671738
3667004051
3667165061
3667186504
3667192416
3667210124
3667375487
3667603764
3667637634
3667742817
3667865338
3667884835
3667894379
3667965478
3668261318
3668346745
3668793360
3669019151
3669300038
3669751210
3669870475
3670015999
3670016000
3670990952
3671479173
3671692517
3671811844
3671910576
3672394592
3672582069
3672610883
3672627340
3672731155
3672858457
3672927582
3673123776
3673271248
3673330103
3673423001
3673698248
3673892083
3673947474
3673996934
3674092127
3674210302
3674210303
3674210304
3674210305
3674251613
3674738244
3674791452
3674821230
3675031827
3675042188
3675144992
3675252455
3675360656
3675640272
3675879743
3676187531
3676671458
3676786183
3677298326
3677433223
3677599560
3677968630
3678247151
3678404607
3678404608
3678794191
3678839294
3678840874
3678949844
3679332161
3679373229
3679768695
3679786573
3680087222
3680224529
3680655394
3680869453
3681003478
3681191193
3681413471
3681676467
3681728186
3682045127
3682101944
3682434071
3682506596
3682598910
3682598911
3682598912
3682598913
3682883778
3683314377
3683343332
3683457010
3683578590
3683778551
3683784171
3684132392
3684322678
3684961921
3685039838
3685292691
3685692820
3685716541
3685773270
3685891755
3686178377
3686513032
3686772989
3686793215
3686793216
3686993951
3687122224
3687287359
3687563911
3688031334
3688134437
3688250453
3688310593
3688455270
3688746411
3688873359
3688915284
3689475977
3689613198
3689718056
3689927641
3690158495
3690361961
3690385364
3690597613
3690728844
3690867117
3690882505
3690987518
3690987519
3690987520
3690987521
3691141252
3691190472
3691190526
3691203808
3691575391
3691767712
3692221551
3692341897
3692402906
3692412722
3692613535
3692896587
3693086469
3693098247
3693284465
3693441231
3693613407
3694046032
3694083826
3694456617
3694554065
3694567016
3694784956
3694786250
3694852486
3695040829
3695083513
3695181823
3695181824
3695232989
3695473070
3695664822
3696144942
3696295706
3696475672
3696696247
3697503601
3697613220
3698014457
3698151465
3698249189
3698261077
3698406326
3698507431
3698572772
3698763439
3698879324
3698982337
3699029342
3699376126
3699376127
3699376128
3699376129
3699436491
3699462230
3699938458
3700043096
3700092570
3700110906
3700296946
3700335865
3700342072
3700671334
3700882465
3700942099
3700950235
3700971878
3701023870
3701183853
3701233679
3701307777
3701561814
3701753692
3701962917
3701985946
3702797101
3702875517
3703296822
3703442226
3703570431
3703570432
3703874036
3703991834
3704048845
3704080971
3704116018
3704165431
3704261134
3704286993
3704374557
3704662999
3705109115
3705225266
3705310504
3705912107
3706054542
3706940806
3706988099
3707667383
3707687190
3707720109
3707764734
3707764735
3707764736
3707764737
3707898740
3708106582
3708595095
3708652345
3708804655
3708809656
3709213938
3709540871
3709771732
3709791418
3709820920
3709837097
3709852318
3710199733
3710515502
3710539445
3710718732
3711397630
3711437250
3711609805
3711959039
3711959040
3711996232
3712173016
3712203429
3712255005
3712577757
3713635204
3714174137
3714297467
3714470541
3714830379
3714876801
3714977703
3715055974
3715384603
3715448015
3715985199
3716094873
3716153342
3716153343
3716153344
3716153345
3716319681
3716335714
3716559246
3716761047
3717295611
3717448262
3717839928
3718100011
3718104537
3718352771
3718651463
3718741155
3718984719
3719796741
3720045662
3720347647
3720347648
3720385349
3720479759
3720929352
3721030592
3721030849
3721053417
3721227380
3721615429
3721785747
3721813054
3721970790
3722669013
3722740373
3722915877
3723107734
3723136225
3723288940
3723451188
3723814065
3724348500
3724541950
3724541951
3724541952
3724541953
3724976456
3725129534
3725191703
3725350377
3725521224
3725706049
3725786731
3726329572
3726335046
3726667465
3726688233
3727009357
3727097721
3727281614
3727413921
3727622918
3727904784
3728154556
3728266937
3728266961
3728324779
3728545754
3728736255
3728736256
3729260645
3729399942
3729524476
3729758003
3729761520
3729788279
3729888622
3730066072
3730137924
3730171851
3730348442
3730746572
3730793479
3731330451
3731713716
3731761273
3732420698
3732630363
3732729621
3732930558
3732930559
3732930560
3732930561
3733018675
3733386862
3733994340
3734149199
3734246596
3734798600
3734816337
3735335586
3735337575
3735436558
3735527016
3736066227
3736491230
3736793948
3737124863
3737124864
3737181144
3737349199
3737982428
3738421544
3738488362
3738777368
3738851577
3738929691
3739419074
3739698859
3739955705
3741319166
3741319167
3741319168
3741319169
3741380608
3741463545
3741777746
3742610579
3742655147
3742782474
3742875925
3742997963
3743259192
3743594613
3743682043
3743692824
3743700421
3743729090
3744079193
3744242359
3745430482
3745513471
3745513472
3746308260
3746391163
3746576290
3746686540
3747026617
3747106752
3747225883
3747340675
3747566965
3748008380
3748366865
3748428404
3749261509
3749452553
3749468678
3749707774
3749707775
3749707776
3749707777
3750004993
3750389124
3750802937
3750915029
3751221048
3751267543
3751282174
3751562887
3751583004
3751722802
3751816410
3751816600
3751858103
3751950678
3751988100
3752511761
3752654833
3752727800
3752858974
3753501092
3753622499
3753625070
3753902079
3753902080
3754026368
3754478851
3755181134
3755327112
3755367915
3755983501
3756090399
3756248988
3756339109
3756752215
3757322975
3757399092
3757399128
3757452277
3757455022
3757516929
3757645800
3757772541
3757854853
3758096382
3758096383
3758096384
3758096385
3758098908
3758134429
3758319482
3758384685
3758523384
3758873466
3759261825
3759538611
3760727409
3760874071
3761060899
3761301040
3761500555
3762290687
3762290688
3762827552
3762889816
3763002338
3763247296
3763532147
3763845881
3763943192
3764012323
3764020828
3764101976
3764432501
3764532743
3766157831
3766176847
3766192232
3766264039
3766321037
3766484990
3766484991
3766484992
3766484993
3766620757
3766717817
3766738588
3766884994
3767358686
3767485152
3767688374
3768480513
3768644517
3768665415
3768735638
3768756019
3768878744
3769021505
3769218900
3769285126
3769433737
3769667828
3769796844
3770054315
3770152459
3770679295
3770679296
3770737293
3770843955
3770928255
3771442802
3771532619
3771535101
3771655341
3771916090
3772259136
3772345492
3772418702
3772880429
3773550347
3774046746
3774085283
3774715765
3774873598
3774873599
3774873600
3774873601
3775006513
3775116668
3775321176
3775326890
3775493222
3775798233
3776192079
3776439543
3776525690
3776651229
3776768385
3776845045
3776875156
3776963339
3777073713
3777140407
3777703810
3778124344
3778334782
3778651413
3778977687
3779032684
3779055384
3779067903
3779067904
3779122285
3779233824
3779237869
3779302236
3779375219
3779502251
3779661159
3780110062
3780357584
3780522066
3780541357
3780619152
3780809027
3780843502
3781406663
3781627090
3781705883
3781910965
3782275875
3782311540
3782353732
3782677990
3782707390
3782973030
3783139099
3783262206
3783262207
3783262208
3783262209
3783390688
3783504645
3783726753
3784336249
3784540859
3784600242
3784639429
3784890078
3784938926
3784999675
3785226354
3785293354
3785445036
3785481528
3785577653
3785818151
3785993061
3786338614
3786448022
3787243728
3787456511
3787456512
3787910876
3788316464
3788579737
3788586591
3788604835
3788631217
3788633983
3788637510
3789045155
3789093821
3789141277
3789397478
3789512480
3789735920
3790103923
3790145585
3790596393
3791456137
3791502072
3791650814
3791650815
3791650816
3791650817
3791968989
3792853147
3793289925
3793487953
3793671239
3794269268
3794579571
3794620707
3795162016
3795225095
3795360381
3795394022
3795437309
3795497119
3795681278
3795821257
3795845119
3795845120
3795905206
3796161889
3796377713
3796459875
3796504206
3796777570
3796926002
3796941707
3797131729
3797418866
3797615065
3797737286
3798200839
3798626265
3798826081
3799469958
3799478603
3800039422
3800039423
3800039424
3800039425
3800199786
3800225738
3800630822
3800685962
3800791137
3801060613
3801126443
3801243927
3801863817
3802204591
3802659660
3802791230
3803768378
3804096300
3804131359
3804233727
3804233728
3805148640
3805351916
3805696437
3806264630
3806388871
3806517103
3806596581
3806982377
3807398624
3807458269
3807546573
3807772230
3807958044
3808121001
3808262432
3808269349
3808428030
3808428031
3808428032
3808428033
3808463499
3808727661
3809095647
3809163822
3809986020
3810410980
3810461989
3810617453
3810673765
3810680120
3810906732
3811224488
3811390711
3812045988
3812202899
3812577983
3812622335
3812622336
3813078162
3813660122
3813878659
3814556400
3815052768
3815305640
3815676691
3815772444
3816058234
3816211042
3816232093
3816285222
3816359251
3816816638
3816816639
3816816640
3816816641
3816825810
3816957536
3817824587
3818178161
3818728441
3818824060
3818891544
3819049491
3819152383
3819243291
3819478125
3820097855
3820157317
3820167942
3820526744
3820641605
3820830423
3820973791
3821010943
3821010944
3821087429
3821213744
3821433461
3821492549
3821603327
3821647158
3821668602
3821704979
3821833499
3822081748
3822266897
3822930834
3822986209
3823496516
3823592609
3823893258
3823932885
3824233242
3824250934
3824312950
3824466359
3824585230
3824806788
3824876042
3824972433
3825205246
3825205247
3825205248
3825205249
3825482352
3825621454
3825667707
3825949205
3826180066
3826603553
3826834803
3826984583
3827427974
3827489428
3827837335
3828039395
3828080023
3828425089
3828769623
3828774093
3828868636
3828911528
3829024304
3829219813
3829312885
3829399551
3829399552
3829404847
3829419542
3829691547
3830014505
3830208854
3830978080
3831089890
3831528088
3831907108
3832110007
3832481359
3832490854
3832783272
3833081134
3833302674
3833533233
3833593854
3833593855
3833593856
3833593857
3833887928
3833973089
3834305288
3834609990
3834699641
3834793546
3835263568
3835286463
3835751926
3836490215
3836661986
3836694184
3836944128
3837123885
3837127999
3837256887
3837314682
3837730446
3837788159
3837788160
3837926453
3837981464
3838873990
3838978217
3839076758
3839195266
3839208305
3839218477
3839330107
3839341165
3839620294
3839693229
3839749642
3840367391
3840456056
3840566029
3840699032
3840749829
3840819102
3840980122
3841098953
3841241994
3841894489
3841982462
3841982463
3841982464
3841982465
3842011600
3842107805
3842659463
3842845317
3843093974
3843133949
3843153752
3843234616
3843591019
3844079356
3844369138
3844619324
3844767271
3844903658
3845011954
3845170126
3845597573
3846176767
3846176768
3846592402
3847025490
3847077350
3847311406
3847334110
3847374624
3847522267
3847839537
3848541361
3849158938
3849167159
3849239886
3849784028
3850371070
3850371071
3850371072
3850371073
3850476819
3850566039
3850587685
3851018988
3851082598
3851115077
3851195191
3851599602
3851624956
3851721699
3851722772
3851966553
3852065910
3852828098
3853301980
3853400932
3853633157
3853724640
3853772957
3853884165
3853945858
3854117271
3854565375
3854565376
3855256505
3855762079
3855938890
3856778688
3856803481
3856997895
3857517836
3857528489
3857535060
3857894820
3858011618
3858759678
3858759679
3858759680
3858759681
3859223362
3859379617
3859431593
3859644999
3859846120
3860095268
3860136997
3860400815
3860453010
3860460246
3860521330
3860546153
3861005407
3861348147
3861427798
3861548914
3861714137
3861891016
3862302702
3862380662
3862434847
3862709847
3862953983
3862953984
3863670613
3864316198
3864518314
3864808480
3864884658
3864947762
3864972805
3865226757
3865278852
3865408247
3865423522
3865466855
3865832936
3865871762
3865874142
3866411796
3866835142
3866863077
3866946888
3867148286
3867148287
3867148288
3867148289
3867244999
3867457810
3868219240
3868246862
3868390235
3868431316
3868466845
3868524389
3868643781
3868791203
3868872764
3869320731
3869449236
3869538489
3869724914
3870049987
3870061607
3870278028
3870381133
3870430265
3870452982
3870586057
3870608555
3870760485
3871103961
3871232031
3871251738
3871338301
3871342591
3871342592
3871505537
3872104646
3872301398
3872447029
3872517315
3872549179
3873002615
3873173275
3873367714
3874518802
3875036724
3875200096
3875242708
3875455637
3875536894
3875536895
3875536896
3875536897
3875588652
3875711763
3875754381
3876070525
3876480085
3876482754
3876524088
3876721940
3876829196
3876984605
3877152676
3877741002
3878277836
3878454319
3879122032
3879222872
3879435674
3879619391
3879676724
3879731199
3879731200
3879858157
3880342703
3880509223
3880574690
3880610698
3881037768
3881046395
3881182618
3881292932
3881318342
3881454512
3881650846
3881968787
3882069198
3882194465
3882431413
3882696443
3882732924
3882743857
3882876400
3883337536
3883496630
3883619355
3883731316
3883812190
3883883134
3883925502
3883925503
3883925504
3883925505
3884080377
3884086976
3884165016
3884312207
3884709484
3884848932
3884964453
3885384168
3885700345
3885725277
3886228535
3886376465
3886586932
3886885633
3886890003
3887372324
3887409852
3887527853
3887643143
3887727017
3887795409
3887914042
3888119807
3888119808
3888221012
3888279946
3888316572
3888408959
3888588124
3888697221
3888883526
3889144758
3889622028
3890138072
3890944123
3891064286
3891101321
3891130897
3891354498
3891414142
3891602141
3892018921
3892314110
3892314111
3892314112
3892314113
3893036105
3893323864
3893459371
3893639168
3893708318
3893917611
3893964073
3894068424
3894438917
3895584840
3895836092
3896388827
3896508415
3896508416
3896542964
3896621607
3896688702
3896694943
3897162572
3897234680
3897308004
3897433108
3897712096
3897886897
3898212955
3898376104
3898601411
3898979531
3899024084
3899255468
3899565517
3900011057
3900030720
3900036525
3900052669
3900420921
3900702718
3900702719
3900702720
3900702721
3900929074
3900951740
3901045980
3901795162
3901898359
3902324902
3902514139
3902780754
3903614122
3904404688
3904705442
3904897023
3904897024
3905093089
3905185235
3905381731
3905796241
3905901375
3906311103
3906348218
3906594294
3906715832
3906820902
3906902344
3907351473
3907582210
3907949535
3907989342
3908260936
3908870616
3908903431
3909091326
3909091327
3909091328
3909091329
3909524999
3909606073
3909710082
3910012727
3910142866
3910223598
3910434021
3910532680
3910926432
3911312281
3911459199
3911496070
3911882339
3912132026
3912576332
3912696316
3913113568
3913285631
3913285632
3914591270
3914614514
3914701062
3914899016
3914935226
3915143252
3915308955
3915542359
3915570348
3915749929
3916134464
3916165188
3916370078
3916415450
3916573442
3916702823
3917052244
3917168594
3917479934
3917479935
3917479936
3917479937
3917849744
3918039573
3918367337
3918403134
3918433992
3918464946
3918516732
3918983758
3919654756
3919978152
3920867007
3920903575
3920979540
3921198490
3921228825
3921462102
3921486420
3921674239
3921674240
3922482873
3922527001
3922527031
3922782193
3922846629
3922989749
3923394976
3923521911
3923833097
3924350832
3924463195
3924637888
3924649480
3925041627
3925176388
3925487695
3925586268
3925643216
3925765177
3925850757
3925868542
3925868543
3925868544
3925868545
3926186639
3926326542
3926437970
3926921423
3927166368
3927486867
3927834702
3928220767
3928375547
3928444357
3928457219
3928711903
3928893783
3929015931
3929126791
3929143389
3929280463
3929808870
3929947661
3930062847
3930062848
3930226889
3930643197
3931188858
3931476525
3931525167
3931597549
3932024929
3932183524
3932188741
3932248879
3932310585
3932460852
3932627643
3932668312
3933019359
3933322209
3934058681
3934146948
3934227078
3934257150
3934257151
3934257152
3934257153
3934618623
3934692235
3934779064
3934827061
3935024670
3935059208
3935266103
3935624952
3935900126
3936024472
3936509540
3936857333
3937006485
3937086925
3937169253
3937182609
3937189310
3937404679
3937513801
3937605140
3937962900
3938186241
3938239470
3938451455
3938451456
3938653650
3939125889
3939224215
3939243178
3939385337
3939404870
3939832926
3940088611
3940136681
3940205928
3940430452
3940523499
3940969255
3941329672
3941345252
3941674619
3941832848
3941857917
3942211251
3942427067
3942639314
3942645758
3942645759
3942645760
3942645761
3942678653
3943000243
3943248822
3943338973
3943707065
3944178880
3944511238
3944604372
3944856740
3945074509
3945143915
3945392906
3945439169
3946217092
3946734952
3946840063
3946840064
3947080444
3947339521
3947455394
3948021538
3948460616
3949049602
3949351793
3949753139
3949827215
3949861433
3949892938
3949980948
3950010575
3950410557
3950467948
3950488790
3950499559
3950516241
3950600064
3950876782
3950892883
3951034366
3951034367
3951034368
3951034369
3951043522
3951057731
3951269256
3951490692
3951880571
3952104093
3952196288
3952249006
3952331597
3952416797
3952528356
3952559992
3952728626
3952830512
3952956439
3953008286
3954371195
3954483579
3954508317
3954660647
3954694443
3954715937
3954924503
3955056238
3955083828
3955228671
3955228672
3955238881
3955431063
3955551348
3955618900
3955799759
3955879838
3955960036
3956188584
3956231312
3956447700
3956599498
3957422857
3957626000
3957662872
3957903898
3957923601
3958129647
3958262148
3958370436
3958441081
3958530299
3958847098
3958987188
3959028534
3959069212
3959159595
3959422974
3959422975
3959422976
3959422977
3959695209
3959799623
3959989516
3960161483
3960291993
3960330759
3961352208
3961869058
3961914526
3961930996
3961965411
3962542084
3962841672
3963154282
3963540626
3963581983
3963617279
3963617280
3963766791
3963930664
3964132092
3964767018
3964813625
3965255989
3965256426
3965539113
3965625626
3965749595
3965816841
3966279153
3966621099
3966867906
3966887618
3967196086
3967372646
3967681115
3967748367
3967766297
3967811582
3967811583
3967811584
3967811585
3968218024
3968285762
3968390946
3968436504
3968605311
3968791685
3969452558
3969580745
3969662219
3969949127
3970146558
3970396937
3970443260
3970469182
3970706152
3970877810
3970882020
3971092262
3971208739
3971296527
3971773516
3972005887
3972005888
3972053150
3972078771
3972594918
3972618447
3972715758
3973126356
3973559333
3973945052
3974011621
3974284779
3974424985
3974617207
3975012621
3975279676
3975840122
3976008456
3976034617
3976200190
3976200191
3976200192
3976200193
3976328308
3976619603
3976997862
3977094064
3977193851
3977426726
3977585463
3977811417
3977971175
3978358838
3978447777
3979340544
3979475996
3979537894
3979934475
3980394495
3980394496
3980918179
3981081289
3981082031
3981403565
3981925985
3982031404
3982505312
3983292801
3983337251
3983422215
3983580872
3983763015
3984060991
3984109512
3984122749
3984263695
3984515658
3984588798
3984588799
3984588800
3984588801
3984707696
3984761609
3985165655
3985301889
3985700413
3986078536
3986129862
3986136400
3986417883
3986610496
3986669689
3986893701
3987313495
3987635626
3987673846
3987718919
3987790624
3987820790
3987850372
3987891337
3988167353
3988331561
3988355681
3988441057
3988690093
3988783103
3988783104
3988797256
3989149603
3989170871
3989587739
3990075495
3990119325
3990139095
3990224765
3990307876
3990311551
3990462436
3990726680
3990814121
3991032042
3991086834
3991232739
3991429951
3991537049
3991559346
3991568960
3991922032
3991937111
3991960456
3991961212
3992023971
3992071190
3992554603
3992647882
3992977406
3992977407
3992977408
3992977409
3993068966
3993110580
3993111808
3993408416
3993510058
3993669687
3993966896
3994173747
3994180404
3994248440
3994301374
3994539691
3994773291
3994876627
3994911911
3995090537
3995122424
3995483878
3995644577
3996011378
3996027315
3996560868
3996599023
3996750243
3997171711
3997171712
3997500809
3997663585
3997674147
3998367430
3998563016
3998595212
3998648452
3998843387
3998847019
3998856057
3999014308
3999167353
3999232594
3999536496
3999641134
3999944975
4000235230
4000453690
4000515466
4000770680
4000943666
4000951605
4001320929
4001362618
4001366014
4001366015
4001366016
4001366017
4001448963
4001618743
4001751377
4001874480
4002029099
4002178809
4002351300
4002396575
4002573178
4002754149
4003376020
4003685522
4004258362
4004276586
4004991787
4005441116
4005560319
4005560320
4005847526
4005910299
4006068404
4006107465
4006227324
4006679693
4007430505
4007746014
4007833819
4008085213
4008346490
4008660339
4008874209
4008900372
4009109711
4009227668
4009754622
4009754623
4009754624
4009754625
4010070672
4010302612
4010321249
4010418978
4010466105
4010631981
4010716696
4010873256
4011056440
4011121202
4011827499
4011930456
4011957866
4012163486
4012355836
4012533271
4012533661
4012554578
4012764406
4012824849
4012977319
4013075229
4013437772
4013486780
4013783071
4013827518
4013948927
4013948928
4014405527
4014958854
4014975057
4015081128
4015319763
4015520429
4015629287
4015661487
4015884684
4015976723
4016111447
4016542147
4016610055
4016673528
4017024671
4017569770
4018143230
4018143231
4018143232
4018143233
4018539256
4018747013
4019167215
4019792500
4019974613
4020085293
4020637813
4021218901
4021434766
4021585848
4021587426
4021925542
4022053701
4022141460
4022262020
4022337535
4022337536
4022484889
4022646786
4022759189
4022836086
4023111983
4023258418
4023423707
4023656405
4024536012
4024657657
4025137037
4025914175
4026331766
4026442873
4026482691
4026531838
4026531839
4026531840
4026531841
4027054287
4027362304
4027700458
4028236145
4028315455
4028562626
4028965878
4029070822
4029325599
4029332649
4029497478
4029707549
4029815109
4029845133
4030044526
4030200275
4030209663
4030314809
4030611913
4030726143
4030726144
4030803916
4030838424
4030888006
4031112366
4031154864
4031175463
4031613803
4032200553
4032500193
4032667195
4033015699
4033225124
4033252429
4033366834
4033940540
4034041481
4034299466
4034753339
4034920446
4034920447
4034920448
4034920449
4035075308
4035102005
4035107422
4035217609
4035650330
4036038967
4036178927
4036193056
4036458996
4036536771
4036833508
4037588229
4038045881
4038367700
4038382360
4038859896
4039114751
4039114752
4039118581
4039123372
4039490520
4039682537
4039854687
4040333596
4040394426
4040605810
4040630913
4040793871
4040949573
4041129346
4041420541
4041535787
4041552230
4041577150
4041579508
4042106291
4042253678
4042324989
4042410597
4042465278
4043281975
4043309054
4043309055
4043309056
4043309057
4043325887
4043453054
4043575918
4043647758
4043836095
4043873796
4044095597
4044249136
4044320131
4044402324
4044863454
4044979488
4045473835
4046078285
4046274687
4046481720
4046487062
4046519786
4046541320
4046834539
4046966864
4047255069
4047295184
4047503359
4047503360
4047727625
4047805920
4047949634
4048285712
4048303295
4048425916
4048456287
4048852973
4048920182
4048986160
4049238394
4049298513
4049626616
4050097435
4050136242
4050192110
4050230827
4050273491
4050386148
4050556403
4050769443
4050850714
4051175339
4051538411
4051697662
4051697663
4051697664
4051697665
4051793085
4051990242
4052198869
4052216484
4052240324
4052462352
4052675149
4052813930
4052825922
4052856671
4053217253
4053261394
4053517972
4053952948
4053987643
4054528378
4055345000
4055796066
4055891967
4055891968
4056176630
4056196489
4057397017
4057438972
4057757960
4058461437
4058658737
4058829671
4058903205
4058969343
4059137606
4059228196
4059388888
4059814798
4059878001
4059916994
4060007173
4060086270
4060086271
4060086272
4060086273
4060243286
4060245862
4060262351
4060364841
4060623169
4061187462
4061197529
4061389209
4061412422
4061439307
4061476235
4062052954
4062189761
4062238604
4062408719
4063064136
4063086657
4063699676
4063863737
4063893184
4063912844
4064210323
4064229282
4064280575
4064280576
4064948147
4065311600
4065343398
4065371727
4065650944
4065755893
4066097255
4066122196
4066144020
4066521653
4066622854
4066678311
4067147561
4067776330
4067861744
4067980914
4068228128
4068279372
4068474878
4068474879
4068474880
4068474881
4068753922
4068801244
4068945464
4069045071
4069237637
4069338731
4069528661
4069543421
4069700934
4069775989
4070112684
4070692465
4070707682
4071139747
4071453847
4071738243
4072294531
4072669183
4072669184
4072763814
4073063091
4073261163
4073298686
4073393142
4073508352
4073631087
4073647503
4073689797
4073757859
4073956123
4074554120
4074791555
4074916921
4075082792
4075214921
4075331762
4075555105
4075608889
4076540599
4076863486
4076863487
4076863488
4076863489
4076956075
4077171859
4077245860
4077340960
4077420502
4077715159
4078046932
4078484623
4078528149
4078677220
4079108321
4079168410
4079240911
4079481215
4080034080
4080349281
4081057791
4081057792
4081240796
4081262616
4081523104
4081561940
4082097421
4082326153
4082650752
4082786931
4082898301
4082942141
4083142270
4083250220
4083857037
4083864156
4083968992
4084099300
4084171103
4084245434
4084349984
4085162567
4085252094
4085252095
4085252096
4085252097
4085383263
4085619875
4085686619
4085688391
4085811749
4085901876
4085980756
4086359513
4086700066
4086769074
4086849130
4087021099
4087401564
4087413168
4087474340
4087693298
4087871079
4087920871
4088399360
4088585922
4088725374
4089028756
4089058893
4089059135
4089288935
4089446399
4089446400
4089510413
4089592631
4089645760
4089970260
4090107807
4090112102
4090552429
4090741555
4090750147
4091004614
4091068742
4091184358
4091302574
4091637496
4091917051
4091945455
4091947780
4091997592
4092056839
4092341869
4092455805
4092509272
4092615216
4092737377
4092862948
4093144358
4093172635
4093454195
4093568272
4093575310
4093640702
4093640703
4093640704
4093640705
4093773628
4094043647
4094135090
4094232121
4094360413
4094455766
4094642352
4094861794
4094878064
4095020494
4095148085
4095245372
4095319695
4095374017
4095394979
4095948481
4096089239
4096289971
4096324212
4096347613
4097056258
4097355455
4097681312
4097777861
4097826267
4097835007
4097835008
4097951388
4098495043
4098507964
4098640763
4098692368
4098692958
4099315551
4099586538
4099692163
4099780584
4100178435
4100222612
4100290535
4100876228
4100955477
4101127096
4101222780
4101263433
4101384544
4101715968
4101841427
4102021143
4102029310
4102029311
4102029312
4102029313
4102087196
4102101459
4102216983
4102227306
4102240682
4102747983
4103127235
4103324417
4103483840
4104453742
4104538128
4104561070
4104658062
4104749302
4104861304
4104991793
4105228601
4105254821
4105382181
4105427485
4105440683
4105713503
4105737767
4105878735
4106177405
4106223615
4106223616
4106773297
4106814185
4106954740
4107214593
4107286551
4107343300
4107408766
4107902686
4108087651
4108433541
4108448613
4108625049
4108802644
4108818946
4109585447
4109721549
4109781361
4109809390
4110045530
4110417918
4110417919
4110417920
4110417921
4110525986
4110532263
4110574355
4110595250
4110636376
4110738843
4110894609
4110899208
4111234187
4111285588
4111839743
4112365464
4113063600
4113176782
4113185581
4113839254
4114075704
4114354290
4114612223
4114612224
4114834370
4114965118
4114986250
4115109474
4115381715
4115405253
4115785277
4116000925
4116047340
4116923136
4116992798
4117087280
4117480472
4117528291
4117627558
4118608614
4118624790
4118806526
4118806527
4118806528
4118806529
4118992717
4119495958
4119508707
4119613125
4119717604
4119885160
4119896832
4120303421
4121233004
4121287191
4122235691
4122326364
4122463105
4122536401
4122587530
4122870572
4123000831
4123000832
4123033170
4123166125
4123310183
4123491386
4123671146
4123997220
4124223445
4124247297
4124259593
4124281535
4124363000
4124551384
4125725049
4125805150
4126048278
4126052326
4126059415
4126735829
4126934880
4127195134
4127195135
4127195136
4127195137
4127759681
4127765776
4128219620
4128465724
4128838966
4129045804
4129069230
4129137508
4129169976
4129248710
4129325974
4129625123
4129719554
4129800554
4129903639
4130453713
4130544888
4130848842
4131212662
4131249477
4131274616
4131355053
4131389439
4131389440
4131635658
4132312568
4132421323
4132495667
4132531347
4132740898
4132780482
4133146891
4133465126
4133791703
4134174514
4134386526
4134654200
4134718601
4134749706
4134978567
4135180230
4135321488
4135560445
4135578361
4135583742
4135583743
4135583744
4135583745
4135780796
4135827389
4136565878
4136581291
4136603176
4136692253
4136844267
4136969207
4137051197
4137440322
4137760853
4138214707
4138834642
4139130678
4139198509
4139229201
4139257171
4139778047
4139778048
4140149196
4140242329
4140244388
4141143895
4141397307
4141444454
4141648773
4141999359
4142438933
4142460800
4142544390
4142564914
4142676486
4142716148
4142916362
4142997654
4143131388
4143240875
4143635000
4143665374
4143874304
4143940850
4143963935
4143972350
4143972351
4143972352
4143972353
4144022210
4144118820
4144413520
4144598856
4144713455
4144988395
4145353428
4145574847
4146113380
4146164190
4146587259
4146622536
4146905229
4147165708
4147223481
4147271759
4147557780
4147989496
4148121039
4148123249
4148166655
4148166656
4148320447
4148906060
4148959694
4148976540
4148983894
4149227578
4149506321
4149847848
4150049514
4150331322
4150868524
4151010656
4151212173
4151234041
4151350039
4151437680
4151517223
4151522260
4151801937
4152082263
4152360958
4152360959
4152360960
4152360961
4152909871
4153186586
4153219624
4153233268
4153419724
4153811656
4154037748
4154115465
4154365601
4154406141
4154466743
4154469308
4154504050
4155177127
4155544271
4155751913
4156108957
4156130651
4156538065
4156555263
4156555264
4156875498
4157072271
4157486943
4157578394
4157633760
4157691076
4157755482
4158605608
4158710760
4158835115
4158878151
4159332229
4159898049
4159952039
4160749566
4160749567
4160749568
4160749569
4160799029
4160854937
4160951369
4161035571
4161133271
4161157332
4161256957
4161334313
4161903733
4162073690
4162278466
4162731361
4162743650
4162996896
4163102475
4163714441
4163938626
4164381894
4164528380
4164943871
4164943872
4164986318
4165056629
4165153465
4165185268
4165660097
4165728831
4165752010
4165786090
4165808722
4166122160
4166274787
4167137035
4167234666
4167446581
4167768898
4167878739
4168149894
4168353326
4168365687
4168473526
4168613295
4168683184
4168892805
4169009062
4169138174
4169138175
4169138176
4169138177
4169346563
4169711599
4169720002
4169750987
4169878754
4170561362
4170808652
4171048381
4171110268
4171251154
4171376926
4171501615
4171627960
4171941134
4172669954
4172777807
4173222822
4173332479
4173332480
4173488115
4173594748
4173717552
4173888752
4174052739
4174187047
4174220350
4174875659
4174908162
4175712942
4175849054
4176119198
4176168042
4176364034
4176373825
4176555655
4176621272
4176646400
4176691123
4177031563
4177421360
4177526782
4177526783
4177526784
4177526785
4177533956
4177546633
4177591552
4177824485
4177903940
4177957820
4178495556
4178535731
4178576296
4179594900
4180271295
4180501027
4180723618
4181422792
4181721087
4181721088
4182197806
4182280977
4182341507
4182660815
4182671414
4182791615
4183326453
4183593721
4183939817
4184050128
4184054062
4184199813
4184610857
4184857812
4184920919
4185179459
4185223122
4185536240
4185804714
4185915390
4185915391
4185915392
4185915393
4185929848
4186037351
4186155913
4186462997
4186707325
4186849201
4187557972
4187800060
4187926455
4187943570
4187947133
4187951330
4188023545
4188130123
4188690841
4189130214
4189381935
4189400666
4189519939
4189540298
4189980441
4190106917
4190109695
4190109696
4190172765
4190573014
4190647123
4190806668
4191254171
4191312445
4191378157
4191679465
4192025896
4192061307
4192545821
4192707285
4192935824
4193329127
4193957303
4194303998
4194303999
4194304000
4194304001
4194496338
4194659323
4194742832
4194773522
4194835424
4195094114
4195194298
4195440446
4195477141
4195518858
4195543652
4195990248
4196012122
4196185695
4196338621
4196375468
4196403639
4197072671
4197207485
4197262834
4197288547
4197289113
4197672656
4198197037
4198498303
4198498304
4198546421
4198942575
4199169384
4199465555
4199502328
4199562616
4200837266
4201107515
4201230867
4201510531
4202194066
4202476004
4202592357
4202645656
4202647943
4202692606
4202692607
4202692608
4202692609
4203005274
4203153770
4203447148
4203787364
4203846228
4204285783
4204752268
4204811464
4205386330
4205661003
4206425236
4206587282
4206885253
4206886911
4206886912
4207031292
4207387804
4207598142
4207736701
4207799069
4208218618
4208359926
4208476558
4208481459
4208509818
4208603763
4208932142
4209208772
4209508182
4209842812
4209859253
4209941298
4210458678
4211081214
4211081215
4211081216
4211081217
4211401455
4211403980
4211421670
4211464910
4211905365
4212096890
4212175083
4212380981
4212495180
4212785347
4213329466
4213335085
4213416534
4213472350
4213479327
4213650693
4213857029
4213948211
4213952262
4214169961
4214493117
4214725658
4214985276
4215199093
4215261738
4215275519
4215275520
4215313091
4215342571
4215938273
4216015365
4216076442
4216304379
4216642110
4216958296
4217717248
4217845619
4217863497
4218024056
4218323920
4218498395
4218545689
4218559112
4218855781
4219053511
4219244278
4219316951
4219468763
4219469822
4219469823
4219469824
4219469825
4220093800
4220254897
4220294025
4220333896
4220781044
4221644980
4221854386
4222160385
4222319161
4222616860
4222808672
4223014345
4223229197
4223453215
4223586399
4223664127
4223664128
4223704755
4223706664
4223897970
4224194811
4224465396
4224606222
4224691303
4224764596
4225197597
4225326028
4225462881
4225869189
4226274921
4226319170
4226584346
4226870870
4226957917
4227042631
4227099645
4227307217
4227858430
4227858431
4227858432
4227858433
4228233840
4228417031
4228527898
4228685162
4229196626
4229291393
4229317586
4229482283
4229595220
4230071462
4230352431
4230648123
4231204727
4231322581
4231611886
4231691712
4231824693
4231988774
4232048050
4232052735
4232052736
4232088990
4232400021
4232492166
4232667340
4232735111
4232871013
4232949892
4233330918
4233632604
4233655117
4233916369
4233965076
4234377297
4235306400
4235340086
4235389676
4235608971
4236215312
4236247038
4236247039
4236247040
4236247041
4236371653
4236544613
4236891026
4237201666
4237699627
4238303700
4238411525
4238903795
4238965335
4239357127
4239380222
4239384712
4239386680
4239686271
4239714143
4239740288
4239771645
4240060167
4240149544
4240441343
4240441344
4240452206
4240687422
4240697785
4240732030
4240760368
4240911454
4240945036
4241003279
4241109177
4241256598
4241983054
4242256575
4242436451
4242531012
4243016908
4243357633
4243376128
4243400592
4243424307
4243854109
4243909117
4243925937
4243981190
4244159252
4244207411
4244225404
4244264122
4244297610
4244463618
4244522313
4244560328
4244594786
4244635646
4244635647
4244635648
4244635649
4244817133
4245005817
4245095113
4245120362
4245608028
4245724654
4245779489
4246155473
4246208677
4246256203
4246852521
4247167758
4247677546
4247712970
4247805348
4248639036
4248677583
4248813627
4248829951
4248829952
4248842998
4248875329
4249070864
4249313329
4249631808
4250348682
4250427008
4250530071
4250762395
4251109869
4251181647
4251556701
4251738334
4251841083
4252288906
4252305657
4252914071
4253024254
4253024255
4253024256
4253024257
4253188354
4253675272
4253891203
4254177397
4254411212
4254513272
4255051839
4255346553
4255525387
4255618640
4255786336
4256091204
4256598109
4256652701
4256674891
4256764563
4256808268
4257218559
4257218560
4257241499
4257533882
4257653928
4258057120
4258147340
4258639257
4258696572
4258749376
4258815028
4258923969
4259231992
4259515954
4259628320
4259646084
4259759530
4260015012
4260101081
4260111650
4260124079
4260253608
4260349920
4260479414
4260543405
4260562354
4260655500
4260698269
4260867483
4261030412
4261324012
4261412862
4261412863
4261412864
4261412865
4261469362
4261751620
4261883099
4261901124
4261965662
4262631145
4262936347
4263116541
4263444137
4263477666
4263952599
4264177546
4264212812
4264319422
4264356893
4264439640
4264958110
4264964127
4265016938
4265096168
4265118989
4265427111
4265450741
4265460840
4265607167
4265607168
4266048918
4266596590
4267003810
4267023089
4267073883
4267424474
4267465324
4268464300
4268507271
4268952837
4269409753
4269720987
4269801470
4269801471
4269801472
4269801473
4269849410
4269971351
4270392593
4270490782
4270606303
4271655094
4271731895
4272343608
4272431557
4272549381
4272599261
4273064682
4273181569
4273659891
4273676340
4273740016
4273910300
4273995775
4273995776
4274167107
4274343525
4274359102
4274759649
4275710445
4275712021
4275950573
4275980505
4276082573
4276286128
4276351170
4276403304
4276692370
4276855567
4277014044
4277609494
4277982400
4278186665
4278190078
4278190079
4278190080
4278190081
4278350297
4278514811
4278518167
4279103936
4279204912
4279273201
4279503341
4279792590
4280050940
4280169876
4280196473
4280351368
4280568352
4280891955
4281012155
4281155201
4281598479
4281819701
4281885916
4281890412
4282032498
4282045659
4282152634
4282384383
4282384384
4282422591
4282515500
4282695984
4282721464
4282836119
4282864710
4282866192
4283146213
4283300392
4283625292
4283658270
4283967119
4284128414
4284183008
4284269551
4284668583
4284924822
4284953959
4285290286
4285351403
4285917609
4285968361
4286186770
4286504884
4286578686
4286578687
4286578688
4286578689
4286831105
4286950423
4287071388
4287569122
4287909642
4287931513
4288044203
4288676687
4289060849
4289101385
4289730402
4289847904
4290089380
4290235352
4290565758
4290772991
4290772992
4291094911
4291551608
4291608048
4292126457
4292162235
4292396024
4292414528
4292619581
4292657015
4292997627
4293780072
4293864317
4294010941
4294198390
4294366670
4294772424
4294778703
4294967294
4294967295
